"",2003,1
ALABAMA,1950,2
ALABAMA,1951,5
ALABAMA,1952,13
ALABAMA,1953,22
ALABAMA,1954,10
ALABAMA,1955,30
ALABAMA,1956,26
ALABAMA,1957,70
ALABAMA,1958,36
ALABAMA,1959,26
ALABAMA,1960,29
ALABAMA,1961,52
ALABAMA,1962,49
ALABAMA,1963,56
ALABAMA,1964,58
ALABAMA,1965,43
ALABAMA,1966,25
ALABAMA,1967,97
ALABAMA,1968,88
ALABAMA,1969,61
ALABAMA,1970,62
ALABAMA,1971,135
ALABAMA,1972,61
ALABAMA,1973,186
ALABAMA,1974,185
ALABAMA,1975,133
ALABAMA,1976,100
ALABAMA,1977,131
ALABAMA,1978,119
ALABAMA,1979,97
ALABAMA,1980,134
ALABAMA,1981,113
ALABAMA,1982,172
ALABAMA,1983,280
ALABAMA,1984,286
ALABAMA,1985,335
ALABAMA,1986,266
ALABAMA,1987,155
ALABAMA,1988,280
ALABAMA,1989,369
ALABAMA,1990,437
ALABAMA,1991,252
ALABAMA,1992,347
ALABAMA,1993,117
ALABAMA,1994,266
ALABAMA,1995,602
ALABAMA,1996,921
ALABAMA,1997,731
ALABAMA,1998,854
ALABAMA,1999,78
ALABAMA,2000,1008
ALABAMA,2001,765
ALABAMA,2002,759
ALABAMA,2003,1143
ALABAMA,2004,848
ALABAMA,2005,665
ALABAMA,2006,1143
ALABAMA,2007,1315
ALABAMA,2008,1695
ALABAMA,2009,1756
ALABAMA,2010,1274
ALABAMA,2011,2468
ALABAMA,2012,1723
ALABAMA,2013,935
ALABAMA,2014,890
ALABAMA,2015,892
ALABAMA,2016,976
ALABAMA,2017,1301
ALABAMA,2018,1027
ALABAMA,2019,1118
ALABAMA,2020,1353
ALABAMA,2021,1186
ALABAMA,2022,1030
ALABAMA,2023,1987
ALASKA,1993,1
ALASKA,1996,280
ALASKA,1997,278
ALASKA,1998,356
ALASKA,1999,72
ALASKA,2000,493
ALASKA,2001,449
ALASKA,2002,463
ALASKA,2003,334
ALASKA,2004,381
ALASKA,2005,146
ALASKA,2006,330
ALASKA,2007,257
ALASKA,2008,334
ALASKA,2009,464
ALASKA,2010,255
ALASKA,2011,431
ALASKA,2012,358
ALASKA,2013,269
ALASKA,2014,172
ALASKA,2015,220
ALASKA,2016,150
ALASKA,2017,231
ALASKA,2018,121
ALASKA,2019,143
ALASKA,2020,252
ALASKA,2021,283
ALASKA,2022,332
ALASKA,2023,249
AMERICAN SAMOA,1998,26
AMERICAN SAMOA,1999,16
AMERICAN SAMOA,2000,28
AMERICAN SAMOA,2001,25
AMERICAN SAMOA,2002,18
AMERICAN SAMOA,2003,13
AMERICAN SAMOA,2004,18
AMERICAN SAMOA,2005,28
AMERICAN SAMOA,2006,23
AMERICAN SAMOA,2007,16
AMERICAN SAMOA,2008,16
AMERICAN SAMOA,2009,15
AMERICAN SAMOA,2010,21
AMERICAN SAMOA,2011,11
AMERICAN SAMOA,2012,2
AMERICAN SAMOA,2013,4
AMERICAN SAMOA,2014,1
AMERICAN SAMOA,2015,14
AMERICAN SAMOA,2016,7
AMERICAN SAMOA,2017,13
AMERICAN SAMOA,2018,23
AMERICAN SAMOA,2019,21
AMERICAN SAMOA,2020,29
AMERICAN SAMOA,2021,14
AMERICAN SAMOA,2022,24
AMERICAN SAMOA,2023,23
ARIZONA,1952,1
ARIZONA,1954,2
ARIZONA,1955,7
ARIZONA,1956,7
ARIZONA,1957,10
ARIZONA,1958,13
ARIZONA,1959,11
ARIZONA,1960,6
ARIZONA,1961,24
ARIZONA,1962,10
ARIZONA,1963,14
ARIZONA,1964,10
ARIZONA,1965,9
ARIZONA,1966,14
ARIZONA,1967,15
ARIZONA,1968,16
ARIZONA,1969,17
ARIZONA,1970,18
ARIZONA,1971,25
ARIZONA,1972,36
ARIZONA,1973,14
ARIZONA,1974,39
ARIZONA,1975,27
ARIZONA,1976,30
ARIZONA,1977,21
ARIZONA,1978,27
ARIZONA,1979,29
ARIZONA,1980,22
ARIZONA,1981,25
ARIZONA,1982,34
ARIZONA,1983,56
ARIZONA,1984,28
ARIZONA,1985,24
ARIZONA,1986,61
ARIZONA,1987,33
ARIZONA,1988,39
ARIZONA,1989,26
ARIZONA,1990,61
ARIZONA,1991,36
ARIZONA,1992,82
ARIZONA,1993,48
ARIZONA,1994,67
ARIZONA,1995,97
ARIZONA,1996,318
ARIZONA,1997,318
ARIZONA,1998,250
ARIZONA,1999,39
ARIZONA,2000,263
ARIZONA,2001,255
ARIZONA,2002,213
ARIZONA,2003,261
ARIZONA,2004,280
ARIZONA,2005,265
ARIZONA,2006,389
ARIZONA,2007,341
ARIZONA,2008,397
ARIZONA,2009,360
ARIZONA,2010,549
ARIZONA,2011,604
ARIZONA,2012,498
ARIZONA,2013,561
ARIZONA,2014,570
ARIZONA,2015,518
ARIZONA,2016,444
ARIZONA,2017,498
ARIZONA,2018,1125
ARIZONA,2019,824
ARIZONA,2020,816
ARIZONA,2021,1301
ARIZONA,2022,1250
ARIZONA,2023,694
ARKANSAS,1950,13
ARKANSAS,1951,3
ARKANSAS,1952,29
ARKANSAS,1953,11
ARKANSAS,1954,33
ARKANSAS,1955,65
ARKANSAS,1956,66
ARKANSAS,1957,80
ARKANSAS,1958,30
ARKANSAS,1959,47
ARKANSAS,1960,50
ARKANSAS,1961,85
ARKANSAS,1962,34
ARKANSAS,1963,21
ARKANSAS,1964,64
ARKANSAS,1965,60
ARKANSAS,1966,44
ARKANSAS,1967,84
ARKANSAS,1968,112
ARKANSAS,1969,73
ARKANSAS,1970,94
ARKANSAS,1971,84
ARKANSAS,1972,74
ARKANSAS,1973,159
ARKANSAS,1974,126
ARKANSAS,1975,153
ARKANSAS,1976,111
ARKANSAS,1977,103
ARKANSAS,1978,125
ARKANSAS,1979,139
ARKANSAS,1980,112
ARKANSAS,1981,101
ARKANSAS,1982,395
ARKANSAS,1983,306
ARKANSAS,1984,384
ARKANSAS,1985,283
ARKANSAS,1986,281
ARKANSAS,1987,162
ARKANSAS,1988,310
ARKANSAS,1989,435
ARKANSAS,1990,320
ARKANSAS,1991,381
ARKANSAS,1992,567
ARKANSAS,1993,563
ARKANSAS,1994,893
ARKANSAS,1995,961
ARKANSAS,1996,1198
ARKANSAS,1997,742
ARKANSAS,1998,989
ARKANSAS,1999,190
ARKANSAS,2000,1181
ARKANSAS,2001,1114
ARKANSAS,2002,900
ARKANSAS,2003,1262
ARKANSAS,2004,1016
ARKANSAS,2005,538
ARKANSAS,2006,1266
ARKANSAS,2007,1028
ARKANSAS,2008,2055
ARKANSAS,2009,1961
ARKANSAS,2010,1598
ARKANSAS,2011,2811
ARKANSAS,2012,1905
ARKANSAS,2013,1341
ARKANSAS,2014,1259
ARKANSAS,2015,1243
ARKANSAS,2016,882
ARKANSAS,2017,1212
ARKANSAS,2018,1331
ARKANSAS,2019,1191
ARKANSAS,2020,1138
ARKANSAS,2021,982
ARKANSAS,2022,1533
ARKANSAS,2023,1487
ATLANTIC NORTH,2001,2
ATLANTIC NORTH,2002,182
ATLANTIC NORTH,2003,217
ATLANTIC NORTH,2004,199
ATLANTIC NORTH,2005,82
ATLANTIC NORTH,2006,298
ATLANTIC NORTH,2007,185
ATLANTIC NORTH,2008,574
ATLANTIC NORTH,2009,421
ATLANTIC NORTH,2010,533
ATLANTIC NORTH,2011,655
ATLANTIC NORTH,2012,755
ATLANTIC NORTH,2013,461
ATLANTIC NORTH,2014,553
ATLANTIC NORTH,2015,632
ATLANTIC NORTH,2016,811
ATLANTIC NORTH,2017,707
ATLANTIC NORTH,2018,613
ATLANTIC NORTH,2019,1054
ATLANTIC NORTH,2020,1005
ATLANTIC NORTH,2021,1053
ATLANTIC NORTH,2022,937
ATLANTIC NORTH,2023,779
ATLANTIC SOUTH,1998,1
ATLANTIC SOUTH,2001,7
ATLANTIC SOUTH,2002,114
ATLANTIC SOUTH,2003,178
ATLANTIC SOUTH,2004,146
ATLANTIC SOUTH,2005,84
ATLANTIC SOUTH,2006,139
ATLANTIC SOUTH,2007,193
ATLANTIC SOUTH,2008,227
ATLANTIC SOUTH,2009,232
ATLANTIC SOUTH,2010,183
ATLANTIC SOUTH,2011,362
ATLANTIC SOUTH,2012,397
ATLANTIC SOUTH,2013,301
ATLANTIC SOUTH,2014,489
ATLANTIC SOUTH,2015,448
ATLANTIC SOUTH,2016,414
ATLANTIC SOUTH,2017,498
ATLANTIC SOUTH,2018,708
ATLANTIC SOUTH,2019,519
ATLANTIC SOUTH,2020,740
ATLANTIC SOUTH,2021,515
ATLANTIC SOUTH,2022,556
ATLANTIC SOUTH,2023,719
CALIFORNIA,1951,1
CALIFORNIA,1952,1
CALIFORNIA,1953,2
CALIFORNIA,1954,1
CALIFORNIA,1955,7
CALIFORNIA,1956,2
CALIFORNIA,1957,11
CALIFORNIA,1958,35
CALIFORNIA,1959,5
CALIFORNIA,1960,5
CALIFORNIA,1961,2
CALIFORNIA,1962,5
CALIFORNIA,1964,7
CALIFORNIA,1965,6
CALIFORNIA,1966,8
CALIFORNIA,1967,7
CALIFORNIA,1969,3
CALIFORNIA,1970,7
CALIFORNIA,1971,3
CALIFORNIA,1972,10
CALIFORNIA,1973,8
CALIFORNIA,1974,6
CALIFORNIA,1975,8
CALIFORNIA,1976,9
CALIFORNIA,1977,6
CALIFORNIA,1978,20
CALIFORNIA,1979,10
CALIFORNIA,1980,28
CALIFORNIA,1981,13
CALIFORNIA,1982,32
CALIFORNIA,1983,38
CALIFORNIA,1984,12
CALIFORNIA,1985,8
CALIFORNIA,1986,23
CALIFORNIA,1987,13
CALIFORNIA,1988,16
CALIFORNIA,1989,13
CALIFORNIA,1990,23
CALIFORNIA,1991,26
CALIFORNIA,1992,33
CALIFORNIA,1993,29
CALIFORNIA,1994,22
CALIFORNIA,1995,27
CALIFORNIA,1996,396
CALIFORNIA,1997,664
CALIFORNIA,1998,839
CALIFORNIA,1999,122
CALIFORNIA,2000,873
CALIFORNIA,2001,1163
CALIFORNIA,2002,916
CALIFORNIA,2003,823
CALIFORNIA,2004,766
CALIFORNIA,2005,610
CALIFORNIA,2006,862
CALIFORNIA,2007,862
CALIFORNIA,2008,1138
CALIFORNIA,2009,875
CALIFORNIA,2010,871
CALIFORNIA,2011,811
CALIFORNIA,2012,889
CALIFORNIA,2013,739
CALIFORNIA,2014,1141
CALIFORNIA,2015,1143
CALIFORNIA,2016,1330
CALIFORNIA,2017,1889
CALIFORNIA,2018,1674
CALIFORNIA,2019,2753
CALIFORNIA,2020,1828
CALIFORNIA,2021,2820
CALIFORNIA,2022,2789
CALIFORNIA,2023,2838
COLORADO,1950,3
COLORADO,1951,8
COLORADO,1952,3
COLORADO,1953,14
COLORADO,1954,9
COLORADO,1955,36
COLORADO,1956,33
COLORADO,1957,39
COLORADO,1958,87
COLORADO,1959,16
COLORADO,1960,37
COLORADO,1961,36
COLORADO,1962,73
COLORADO,1963,25
COLORADO,1964,12
COLORADO,1965,78
COLORADO,1966,40
COLORADO,1967,60
COLORADO,1968,34
COLORADO,1969,39
COLORADO,1970,24
COLORADO,1971,63
COLORADO,1972,53
COLORADO,1973,89
COLORADO,1974,60
COLORADO,1975,79
COLORADO,1976,72
COLORADO,1977,96
COLORADO,1978,58
COLORADO,1979,116
COLORADO,1980,82
COLORADO,1981,132
COLORADO,1982,235
COLORADO,1983,241
COLORADO,1984,140
COLORADO,1985,140
COLORADO,1986,127
COLORADO,1987,186
COLORADO,1988,130
COLORADO,1989,147
COLORADO,1990,179
COLORADO,1991,318
COLORADO,1992,266
COLORADO,1993,154
COLORADO,1994,308
COLORADO,1995,306
COLORADO,1996,1647
COLORADO,1997,1352
COLORADO,1998,951
COLORADO,1999,129
COLORADO,2000,1163
COLORADO,2001,1011
COLORADO,2002,1193
COLORADO,2003,1384
COLORADO,2004,1788
COLORADO,2005,1028
COLORADO,2006,1564
COLORADO,2007,1687
COLORADO,2008,1365
COLORADO,2009,1739
COLORADO,2010,1756
COLORADO,2011,1611
COLORADO,2012,1326
COLORADO,2013,1542
COLORADO,2014,1458
COLORADO,2015,1292
COLORADO,2016,1347
COLORADO,2017,1095
COLORADO,2018,1765
COLORADO,2019,1748
COLORADO,2020,1828
COLORADO,2021,1844
COLORADO,2022,1587
COLORADO,2023,1921
CONNECTICUT,1950,2
CONNECTICUT,1951,3
CONNECTICUT,1954,2
CONNECTICUT,1955,3
CONNECTICUT,1956,5
CONNECTICUT,1957,6
CONNECTICUT,1958,5
CONNECTICUT,1959,4
CONNECTICUT,1960,6
CONNECTICUT,1961,7
CONNECTICUT,1962,12
CONNECTICUT,1963,8
CONNECTICUT,1964,4
CONNECTICUT,1965,5
CONNECTICUT,1966,7
CONNECTICUT,1968,8
CONNECTICUT,1969,7
CONNECTICUT,1970,5
CONNECTICUT,1971,11
CONNECTICUT,1972,4
CONNECTICUT,1973,18
CONNECTICUT,1974,13
CONNECTICUT,1975,5
CONNECTICUT,1976,10
CONNECTICUT,1977,4
CONNECTICUT,1978,1
CONNECTICUT,1979,9
CONNECTICUT,1980,4
CONNECTICUT,1981,2
CONNECTICUT,1982,11
CONNECTICUT,1983,26
CONNECTICUT,1984,17
CONNECTICUT,1985,15
CONNECTICUT,1986,2
CONNECTICUT,1987,4
CONNECTICUT,1988,6
CONNECTICUT,1989,16
CONNECTICUT,1990,14
CONNECTICUT,1991,36
CONNECTICUT,1992,46
CONNECTICUT,1993,23
CONNECTICUT,1994,45
CONNECTICUT,1995,95
CONNECTICUT,1996,292
CONNECTICUT,1997,164
CONNECTICUT,1998,155
CONNECTICUT,1999,26
CONNECTICUT,2000,181
CONNECTICUT,2001,155
CONNECTICUT,2002,168
CONNECTICUT,2003,129
CONNECTICUT,2004,97
CONNECTICUT,2005,129
CONNECTICUT,2006,199
CONNECTICUT,2007,148
CONNECTICUT,2008,304
CONNECTICUT,2009,286
CONNECTICUT,2010,312
CONNECTICUT,2011,292
CONNECTICUT,2012,253
CONNECTICUT,2013,203
CONNECTICUT,2014,170
CONNECTICUT,2015,170
CONNECTICUT,2016,210
CONNECTICUT,2017,201
CONNECTICUT,2018,335
CONNECTICUT,2019,240
CONNECTICUT,2020,238
CONNECTICUT,2021,303
CONNECTICUT,2022,190
CONNECTICUT,2023,227
DELAWARE,1954,1
DELAWARE,1955,1
DELAWARE,1957,3
DELAWARE,1958,3
DELAWARE,1959,1
DELAWARE,1960,1
DELAWARE,1961,2
DELAWARE,1962,5
DELAWARE,1963,4
DELAWARE,1964,3
DELAWARE,1965,2
DELAWARE,1966,2
DELAWARE,1967,5
DELAWARE,1968,5
DELAWARE,1969,4
DELAWARE,1970,13
DELAWARE,1971,9
DELAWARE,1973,3
DELAWARE,1974,7
DELAWARE,1975,16
DELAWARE,1976,12
DELAWARE,1977,10
DELAWARE,1978,2
DELAWARE,1979,4
DELAWARE,1980,13
DELAWARE,1981,3
DELAWARE,1982,7
DELAWARE,1983,16
DELAWARE,1984,10
DELAWARE,1985,4
DELAWARE,1986,3
DELAWARE,1987,6
DELAWARE,1988,10
DELAWARE,1989,15
DELAWARE,1990,14
DELAWARE,1991,13
DELAWARE,1992,23
DELAWARE,1993,16
DELAWARE,1994,8
DELAWARE,1995,9
DELAWARE,1996,92
DELAWARE,1997,116
DELAWARE,1998,139
DELAWARE,1999,19
DELAWARE,2000,126
DELAWARE,2001,124
DELAWARE,2002,182
DELAWARE,2003,181
DELAWARE,2004,143
DELAWARE,2005,95
DELAWARE,2006,179
DELAWARE,2007,200
DELAWARE,2008,181
DELAWARE,2009,179
DELAWARE,2010,143
DELAWARE,2011,180
DELAWARE,2012,208
DELAWARE,2013,144
DELAWARE,2014,161
DELAWARE,2015,166
DELAWARE,2016,277
DELAWARE,2017,152
DELAWARE,2018,62
DELAWARE,2019,136
DELAWARE,2020,184
DELAWARE,2021,97
DELAWARE,2022,103
DELAWARE,2023,99
DISTRICT OF COLUMBIA,1975,1
DISTRICT OF COLUMBIA,1976,3
DISTRICT OF COLUMBIA,1978,3
DISTRICT OF COLUMBIA,1979,1
DISTRICT OF COLUMBIA,1980,4
DISTRICT OF COLUMBIA,1981,1
DISTRICT OF COLUMBIA,1982,1
DISTRICT OF COLUMBIA,1984,1
DISTRICT OF COLUMBIA,1985,2
DISTRICT OF COLUMBIA,1986,1
DISTRICT OF COLUMBIA,1987,2
DISTRICT OF COLUMBIA,1988,3
DISTRICT OF COLUMBIA,1989,3
DISTRICT OF COLUMBIA,1990,6
DISTRICT OF COLUMBIA,1991,5
DISTRICT OF COLUMBIA,1992,9
DISTRICT OF COLUMBIA,1993,4
DISTRICT OF COLUMBIA,1996,21
DISTRICT OF COLUMBIA,1997,15
DISTRICT OF COLUMBIA,1998,18
DISTRICT OF COLUMBIA,1999,2
DISTRICT OF COLUMBIA,2000,29
DISTRICT OF COLUMBIA,2001,21
DISTRICT OF COLUMBIA,2002,20
DISTRICT OF COLUMBIA,2003,31
DISTRICT OF COLUMBIA,2004,19
DISTRICT OF COLUMBIA,2005,9
DISTRICT OF COLUMBIA,2006,21
DISTRICT OF COLUMBIA,2007,22
DISTRICT OF COLUMBIA,2008,28
DISTRICT OF COLUMBIA,2009,9
DISTRICT OF COLUMBIA,2010,37
DISTRICT OF COLUMBIA,2011,34
DISTRICT OF COLUMBIA,2012,52
DISTRICT OF COLUMBIA,2013,24
DISTRICT OF COLUMBIA,2014,36
DISTRICT OF COLUMBIA,2015,21
DISTRICT OF COLUMBIA,2016,47
DISTRICT OF COLUMBIA,2017,46
DISTRICT OF COLUMBIA,2018,80
DISTRICT OF COLUMBIA,2019,52
DISTRICT OF COLUMBIA,2020,38
DISTRICT OF COLUMBIA,2021,49
DISTRICT OF COLUMBIA,2022,40
DISTRICT OF COLUMBIA,2023,16
E PACIFIC,2001,1
E PACIFIC,2002,9
E PACIFIC,2003,14
E PACIFIC,2004,16
E PACIFIC,2005,1
E PACIFIC,2006,9
E PACIFIC,2007,10
E PACIFIC,2008,5
E PACIFIC,2009,11
E PACIFIC,2010,13
E PACIFIC,2011,12
E PACIFIC,2012,38
E PACIFIC,2013,7
E PACIFIC,2014,9
E PACIFIC,2015,5
E PACIFIC,2016,24
E PACIFIC,2017,12
E PACIFIC,2018,4
E PACIFIC,2019,5
E PACIFIC,2020,6
E PACIFIC,2021,2
E PACIFIC,2022,1
E PACIFIC,2023,1
FLORIDA,1950,6
FLORIDA,1951,9
FLORIDA,1952,10
FLORIDA,1953,21
FLORIDA,1954,13
FLORIDA,1955,24
FLORIDA,1956,22
FLORIDA,1957,32
FLORIDA,1958,45
FLORIDA,1959,38
FLORIDA,1960,66
FLORIDA,1961,66
FLORIDA,1962,54
FLORIDA,1963,69
FLORIDA,1964,76
FLORIDA,1965,48
FLORIDA,1966,70
FLORIDA,1967,57
FLORIDA,1968,124
FLORIDA,1969,139
FLORIDA,1970,106
FLORIDA,1971,151
FLORIDA,1972,139
FLORIDA,1973,115
FLORIDA,1974,155
FLORIDA,1975,210
FLORIDA,1976,127
FLORIDA,1977,92
FLORIDA,1978,186
FLORIDA,1979,141
FLORIDA,1980,141
FLORIDA,1981,136
FLORIDA,1982,160
FLORIDA,1983,287
FLORIDA,1984,125
FLORIDA,1985,122
FLORIDA,1986,186
FLORIDA,1987,115
FLORIDA,1988,117
FLORIDA,1989,291
FLORIDA,1990,287
FLORIDA,1991,330
FLORIDA,1992,368
FLORIDA,1993,329
FLORIDA,1994,304
FLORIDA,1995,524
FLORIDA,1996,959
FLORIDA,1997,1264
FLORIDA,1998,1449
FLORIDA,1999,187
FLORIDA,2000,1244
FLORIDA,2001,1226
FLORIDA,2002,870
FLORIDA,2003,920
FLORIDA,2004,1123
FLORIDA,2005,545
FLORIDA,2006,699
FLORIDA,2007,1041
FLORIDA,2008,1173
FLORIDA,2009,1037
FLORIDA,2010,794
FLORIDA,2011,1378
FLORIDA,2012,1406
FLORIDA,2013,867
FLORIDA,2014,1121
FLORIDA,2015,1200
FLORIDA,2016,1065
FLORIDA,2017,1155
FLORIDA,2018,985
FLORIDA,2019,939
FLORIDA,2020,1274
FLORIDA,2021,920
FLORIDA,2022,1242
FLORIDA,2023,1553
GEORGIA,1950,4
GEORGIA,1951,3
GEORGIA,1952,13
GEORGIA,1953,12
GEORGIA,1954,37
GEORGIA,1955,36
GEORGIA,1956,42
GEORGIA,1957,44
GEORGIA,1958,27
GEORGIA,1959,34
GEORGIA,1960,25
GEORGIA,1961,78
GEORGIA,1962,50
GEORGIA,1963,58
GEORGIA,1964,53
GEORGIA,1965,34
GEORGIA,1966,49
GEORGIA,1967,46
GEORGIA,1968,86
GEORGIA,1969,67
GEORGIA,1970,75
GEORGIA,1971,150
GEORGIA,1972,79
GEORGIA,1973,98
GEORGIA,1974,173
GEORGIA,1975,152
GEORGIA,1976,87
GEORGIA,1977,75
GEORGIA,1978,83
GEORGIA,1979,111
GEORGIA,1980,187
GEORGIA,1981,120
GEORGIA,1982,152
GEORGIA,1983,170
GEORGIA,1984,330
GEORGIA,1985,250
GEORGIA,1986,232
GEORGIA,1987,124
GEORGIA,1988,246
GEORGIA,1989,492
GEORGIA,1990,645
GEORGIA,1991,546
GEORGIA,1992,393
GEORGIA,1993,254
GEORGIA,1994,365
GEORGIA,1995,574
GEORGIA,1996,795
GEORGIA,1997,1206
GEORGIA,1998,1424
GEORGIA,1999,109
GEORGIA,2000,2211
GEORGIA,2001,1678
GEORGIA,2002,2752
GEORGIA,2003,1846
GEORGIA,2004,1814
GEORGIA,2005,1338
GEORGIA,2006,1287
GEORGIA,2007,1983
GEORGIA,2008,1775
GEORGIA,2009,1603
GEORGIA,2010,1353
GEORGIA,2011,2359
GEORGIA,2012,1804
GEORGIA,2013,997
GEORGIA,2014,1228
GEORGIA,2015,1355
GEORGIA,2016,1664
GEORGIA,2017,1679
GEORGIA,2018,1257
GEORGIA,2019,1158
GEORGIA,2020,1535
GEORGIA,2021,847
GEORGIA,2022,1106
GEORGIA,2023,2607
GUAM,1997,35
GUAM,1998,30
GUAM,1999,4
GUAM,2000,56
GUAM,2001,31
GUAM,2002,23
GUAM,2003,31
GUAM,2004,28
GUAM,2005,8
GUAM,2006,10
GUAM,2007,4
GUAM,2008,10
GUAM,2009,6
GUAM,2010,3
GUAM,2011,6
GUAM,2012,5
GUAM,2013,15
GUAM,2014,14
GUAM,2015,25
GUAM,2016,29
GUAM,2017,7
GUAM,2018,8
GUAM,2020,35
GUAM,2021,19
GUAM,2022,23
GUAM,2023,22
GULF OF ALASKA,2003,1
GULF OF ALASKA,2004,2
GULF OF ALASKA,2005,5
GULF OF ALASKA,2006,2
GULF OF ALASKA,2007,4
GULF OF ALASKA,2008,2
GULF OF ALASKA,2009,6
GULF OF ALASKA,2010,7
GULF OF ALASKA,2012,2
GULF OF ALASKA,2023,4
GULF OF MEXICO,2001,82
GULF OF MEXICO,2002,546
GULF OF MEXICO,2003,618
GULF OF MEXICO,2004,639
GULF OF MEXICO,2005,308
GULF OF MEXICO,2006,513
GULF OF MEXICO,2007,577
GULF OF MEXICO,2008,507
GULF OF MEXICO,2009,463
GULF OF MEXICO,2010,496
GULF OF MEXICO,2011,497
GULF OF MEXICO,2012,581
GULF OF MEXICO,2013,603
GULF OF MEXICO,2014,532
GULF OF MEXICO,2015,839
GULF OF MEXICO,2016,951
GULF OF MEXICO,2017,929
GULF OF MEXICO,2018,789
GULF OF MEXICO,2019,907
GULF OF MEXICO,2020,1193
GULF OF MEXICO,2021,1033
GULF OF MEXICO,2022,1081
GULF OF MEXICO,2023,1026
HAWAII,1955,2
HAWAII,1957,1
HAWAII,1963,2
HAWAII,1965,1
HAWAII,1967,2
HAWAII,1971,5
HAWAII,1973,1
HAWAII,1975,1
HAWAII,1978,1
HAWAII,1980,1
HAWAII,1982,3
HAWAII,1983,1
HAWAII,1985,1
HAWAII,1986,2
HAWAII,1988,2
HAWAII,1989,1
HAWAII,1995,1
HAWAII,1996,180
HAWAII,1997,353
HAWAII,1998,283
HAWAII,1999,47
HAWAII,2000,328
HAWAII,2001,543
HAWAII,2002,351
HAWAII,2003,308
HAWAII,2004,476
HAWAII,2005,269
HAWAII,2006,552
HAWAII,2007,457
HAWAII,2008,476
HAWAII,2009,653
HAWAII,2010,600
HAWAII,2011,666
HAWAII,2012,580
HAWAII,2013,732
HAWAII,2014,629
HAWAII,2015,759
HAWAII,2016,727
HAWAII,2017,629
HAWAII,2018,840
HAWAII,2019,687
HAWAII,2020,622
HAWAII,2021,699
HAWAII,2022,663
HAWAII,2023,215
HAWAII WATERS,2001,1
HAWAII WATERS,2002,3
HAWAII WATERS,2003,4
HAWAII WATERS,2004,3
HAWAII WATERS,2006,5
HAWAII WATERS,2007,2
HAWAII WATERS,2009,2
HAWAII WATERS,2010,1
HAWAII WATERS,2011,3
HAWAII WATERS,2012,1
HAWAII WATERS,2013,3
HAWAII WATERS,2014,3
HAWAII WATERS,2015,3
HAWAII WATERS,2016,1
HAWAII WATERS,2017,1
HAWAII WATERS,2018,2
HAWAII WATERS,2019,1
HAWAII WATERS,2020,1
HAWAII WATERS,2021,2
IDAHO,1954,3
IDAHO,1955,2
IDAHO,1956,17
IDAHO,1957,5
IDAHO,1958,21
IDAHO,1959,6
IDAHO,1960,3
IDAHO,1961,9
IDAHO,1962,13
IDAHO,1963,7
IDAHO,1964,13
IDAHO,1965,12
IDAHO,1966,12
IDAHO,1967,24
IDAHO,1968,11
IDAHO,1969,14
IDAHO,1970,30
IDAHO,1971,6
IDAHO,1972,4
IDAHO,1973,13
IDAHO,1975,36
IDAHO,1976,25
IDAHO,1977,6
IDAHO,1978,6
IDAHO,1979,24
IDAHO,1980,8
IDAHO,1981,15
IDAHO,1982,26
IDAHO,1983,41
IDAHO,1984,38
IDAHO,1985,15
IDAHO,1986,25
IDAHO,1987,71
IDAHO,1988,23
IDAHO,1989,45
IDAHO,1990,30
IDAHO,1991,48
IDAHO,1992,68
IDAHO,1993,40
IDAHO,1994,18
IDAHO,1995,116
IDAHO,1996,268
IDAHO,1997,335
IDAHO,1998,247
IDAHO,1999,53
IDAHO,2000,232
IDAHO,2001,284
IDAHO,2002,357
IDAHO,2003,312
IDAHO,2004,289
IDAHO,2005,163
IDAHO,2006,388
IDAHO,2007,247
IDAHO,2008,356
IDAHO,2009,268
IDAHO,2010,321
IDAHO,2011,270
IDAHO,2012,333
IDAHO,2013,295
IDAHO,2014,392
IDAHO,2015,373
IDAHO,2016,280
IDAHO,2017,520
IDAHO,2018,321
IDAHO,2019,583
IDAHO,2020,476
IDAHO,2021,390
IDAHO,2022,510
IDAHO,2023,513
ILLINOIS,1950,11
ILLINOIS,1951,5
ILLINOIS,1952,4
ILLINOIS,1953,5
ILLINOIS,1954,9
ILLINOIS,1955,62
ILLINOIS,1956,63
ILLINOIS,1957,83
ILLINOIS,1958,106
ILLINOIS,1959,65
ILLINOIS,1960,105
ILLINOIS,1961,113
ILLINOIS,1962,58
ILLINOIS,1963,78
ILLINOIS,1964,66
ILLINOIS,1965,123
ILLINOIS,1966,83
ILLINOIS,1967,115
ILLINOIS,1968,65
ILLINOIS,1969,75
ILLINOIS,1970,100
ILLINOIS,1971,85
ILLINOIS,1972,101
ILLINOIS,1973,173
ILLINOIS,1974,462
ILLINOIS,1975,300
ILLINOIS,1976,157
ILLINOIS,1977,164
ILLINOIS,1978,113
ILLINOIS,1979,72
ILLINOIS,1980,251
ILLINOIS,1981,202
ILLINOIS,1982,300
ILLINOIS,1983,164
ILLINOIS,1984,229
ILLINOIS,1985,145
ILLINOIS,1986,211
ILLINOIS,1987,232
ILLINOIS,1988,204
ILLINOIS,1989,163
ILLINOIS,1990,275
ILLINOIS,1991,308
ILLINOIS,1992,397
ILLINOIS,1993,139
ILLINOIS,1994,305
ILLINOIS,1995,475
ILLINOIS,1996,1262
ILLINOIS,1997,1367
ILLINOIS,1998,1318
ILLINOIS,1999,245
ILLINOIS,2000,1720
ILLINOIS,2001,1300
ILLINOIS,2002,1427
ILLINOIS,2003,1765
ILLINOIS,2004,1657
ILLINOIS,2005,1022
ILLINOIS,2006,2661
ILLINOIS,2007,2024
ILLINOIS,2008,2891
ILLINOIS,2009,1879
ILLINOIS,2010,2482
ILLINOIS,2011,2859
ILLINOIS,2012,2134
ILLINOIS,2013,1847
ILLINOIS,2014,1712
ILLINOIS,2015,1810
ILLINOIS,2016,1412
ILLINOIS,2017,1730
ILLINOIS,2018,1709
ILLINOIS,2019,2095
ILLINOIS,2020,1756
ILLINOIS,2021,1618
ILLINOIS,2022,2181
ILLINOIS,2023,2511
INDIANA,1950,3
INDIANA,1951,5
INDIANA,1952,2
INDIANA,1953,9
INDIANA,1954,32
INDIANA,1955,35
INDIANA,1956,65
INDIANA,1957,77
INDIANA,1958,79
INDIANA,1959,40
INDIANA,1960,41
INDIANA,1961,69
INDIANA,1962,34
INDIANA,1963,69
INDIANA,1964,48
INDIANA,1965,105
INDIANA,1966,38
INDIANA,1967,68
INDIANA,1968,52
INDIANA,1969,63
INDIANA,1970,93
INDIANA,1971,89
INDIANA,1972,25
INDIANA,1973,101
INDIANA,1974,166
INDIANA,1975,107
INDIANA,1976,150
INDIANA,1977,98
INDIANA,1978,92
INDIANA,1979,142
INDIANA,1980,355
INDIANA,1981,129
INDIANA,1982,228
INDIANA,1983,204
INDIANA,1984,94
INDIANA,1985,213
INDIANA,1986,274
INDIANA,1987,267
INDIANA,1988,152
INDIANA,1989,270
INDIANA,1990,348
INDIANA,1991,277
INDIANA,1992,336
INDIANA,1993,101
INDIANA,1994,290
INDIANA,1995,273
INDIANA,1996,1202
INDIANA,1997,694
INDIANA,1998,924
INDIANA,1999,98
INDIANA,2000,1037
INDIANA,2001,995
INDIANA,2002,1018
INDIANA,2003,1422
INDIANA,2004,1137
INDIANA,2005,702
INDIANA,2006,1592
INDIANA,2007,1165
INDIANA,2008,1933
INDIANA,2009,1158
INDIANA,2010,1299
INDIANA,2011,1799
INDIANA,2012,1596
INDIANA,2013,1182
INDIANA,2014,1209
INDIANA,2015,1315
INDIANA,2016,1045
INDIANA,2017,954
INDIANA,2018,1017
INDIANA,2019,1446
INDIANA,2020,934
INDIANA,2021,981
INDIANA,2022,1185
INDIANA,2023,1112
IOWA,1950,4
IOWA,1951,5
IOWA,1952,6
IOWA,1953,32
IOWA,1954,19
IOWA,1955,25
IOWA,1956,46
IOWA,1957,46
IOWA,1958,49
IOWA,1959,66
IOWA,1960,89
IOWA,1961,70
IOWA,1962,88
IOWA,1963,57
IOWA,1964,135
IOWA,1965,128
IOWA,1966,87
IOWA,1967,123
IOWA,1968,134
IOWA,1969,150
IOWA,1970,154
IOWA,1971,177
IOWA,1972,64
IOWA,1973,181
IOWA,1974,343
IOWA,1975,211
IOWA,1976,112
IOWA,1977,101
IOWA,1978,141
IOWA,1979,206
IOWA,1980,288
IOWA,1981,190
IOWA,1982,154
IOWA,1983,211
IOWA,1984,285
IOWA,1985,241
IOWA,1986,358
IOWA,1987,248
IOWA,1988,205
IOWA,1989,340
IOWA,1990,336
IOWA,1991,383
IOWA,1992,287
IOWA,1993,129
IOWA,1994,606
IOWA,1995,465
IOWA,1996,1847
IOWA,1997,1542
IOWA,1998,1447
IOWA,1999,128
IOWA,2000,2046
IOWA,2001,2352
IOWA,2002,1374
IOWA,2003,1646
IOWA,2004,2341
IOWA,2005,899
IOWA,2006,1507
IOWA,2007,2337
IOWA,2008,3457
IOWA,2009,1872
IOWA,2010,2940
IOWA,2011,2072
IOWA,2012,1982
IOWA,2013,2170
IOWA,2014,2571
IOWA,2015,2102
IOWA,2016,1880
IOWA,2017,1942
IOWA,2018,2735
IOWA,2019,2276
IOWA,2020,1588
IOWA,2021,1786
IOWA,2022,1514
IOWA,2023,1758
KANSAS,1950,33
KANSAS,1951,77
KANSAS,1952,21
KANSAS,1953,30
KANSAS,1954,68
KANSAS,1955,161
KANSAS,1956,228
KANSAS,1957,154
KANSAS,1958,209
KANSAS,1959,212
KANSAS,1960,195
KANSAS,1961,169
KANSAS,1962,237
KANSAS,1963,156
KANSAS,1964,264
KANSAS,1965,215
KANSAS,1966,189
KANSAS,1967,181
KANSAS,1968,216
KANSAS,1969,191
KANSAS,1970,207
KANSAS,1971,236
KANSAS,1972,155
KANSAS,1973,259
KANSAS,1974,415
KANSAS,1975,230
KANSAS,1976,134
KANSAS,1977,202
KANSAS,1978,224
KANSAS,1979,206
KANSAS,1980,248
KANSAS,1981,257
KANSAS,1982,452
KANSAS,1983,260
KANSAS,1984,351
KANSAS,1985,415
KANSAS,1986,664
KANSAS,1987,527
KANSAS,1988,227
KANSAS,1989,450
KANSAS,1990,623
KANSAS,1991,877
KANSAS,1992,924
KANSAS,1993,644
KANSAS,1994,899
KANSAS,1995,1123
KANSAS,1996,2439
KANSAS,1997,1857
KANSAS,1998,2031
KANSAS,1999,121
KANSAS,2000,2403
KANSAS,2001,3307
KANSAS,2002,3188
KANSAS,2003,2547
KANSAS,2004,3126
KANSAS,2005,1831
KANSAS,2006,2820
KANSAS,2007,3170
KANSAS,2008,3481
KANSAS,2009,2884
KANSAS,2010,2705
KANSAS,2011,3664
KANSAS,2012,2384
KANSAS,2013,2739
KANSAS,2014,2639
KANSAS,2015,2047
KANSAS,2016,2225
KANSAS,2017,2153
KANSAS,2018,2458
KANSAS,2019,2658
KANSAS,2020,1782
KANSAS,2021,1962
KANSAS,2022,2324
KANSAS,2023,2642
Kentucky,1974,3
Kentucky,1995,6
Kentucky,1996,3
KENTUCKY,1950,2
KENTUCKY,1951,2
KENTUCKY,1952,3
KENTUCKY,1954,3
KENTUCKY,1955,18
KENTUCKY,1956,19
KENTUCKY,1957,19
KENTUCKY,1958,25
KENTUCKY,1959,24
KENTUCKY,1960,17
KENTUCKY,1961,35
KENTUCKY,1962,20
KENTUCKY,1963,26
KENTUCKY,1964,38
KENTUCKY,1965,33
KENTUCKY,1966,22
KENTUCKY,1967,45
KENTUCKY,1968,83
KENTUCKY,1969,75
KENTUCKY,1970,106
KENTUCKY,1971,96
KENTUCKY,1972,28
KENTUCKY,1973,106
KENTUCKY,1974,141
KENTUCKY,1975,51
KENTUCKY,1976,73
KENTUCKY,1977,86
KENTUCKY,1978,46
KENTUCKY,1979,73
KENTUCKY,1980,96
KENTUCKY,1981,102
KENTUCKY,1982,173
KENTUCKY,1983,204
KENTUCKY,1984,160
KENTUCKY,1985,144
KENTUCKY,1986,164
KENTUCKY,1987,236
KENTUCKY,1988,42
KENTUCKY,1989,156
KENTUCKY,1990,210
KENTUCKY,1991,205
KENTUCKY,1992,156
KENTUCKY,1993,132
KENTUCKY,1994,89
KENTUCKY,1995,523
KENTUCKY,1996,1075
KENTUCKY,1997,1037
KENTUCKY,1998,1145
KENTUCKY,1999,69
KENTUCKY,2000,1331
KENTUCKY,2001,1005
KENTUCKY,2002,1426
KENTUCKY,2003,1488
KENTUCKY,2004,1601
KENTUCKY,2005,536
KENTUCKY,2006,1822
KENTUCKY,2007,1391
KENTUCKY,2008,2031
KENTUCKY,2009,2113
KENTUCKY,2010,2997
KENTUCKY,2011,2689
KENTUCKY,2012,2314
KENTUCKY,2013,1478
KENTUCKY,2014,1785
KENTUCKY,2015,2457
KENTUCKY,2016,2123
KENTUCKY,2017,1345
KENTUCKY,2018,2050
KENTUCKY,2019,1522
KENTUCKY,2020,1285
KENTUCKY,2021,1627
KENTUCKY,2022,2068
KENTUCKY,2023,1581
LAKE ERIE,2001,13
LAKE ERIE,2002,231
LAKE ERIE,2003,448
LAKE ERIE,2004,288
LAKE ERIE,2005,238
LAKE ERIE,2006,156
LAKE ERIE,2007,27
LAKE ERIE,2008,10
LAKE ERIE,2009,17
LAKE ERIE,2010,28
LAKE ERIE,2011,35
LAKE ERIE,2012,42
LAKE ERIE,2013,28
LAKE ERIE,2014,35
LAKE ERIE,2015,25
LAKE ERIE,2016,40
LAKE ERIE,2017,72
LAKE ERIE,2018,43
LAKE ERIE,2019,77
LAKE ERIE,2020,108
LAKE ERIE,2021,112
LAKE ERIE,2022,93
LAKE ERIE,2023,111
LAKE HURON,2001,1
LAKE HURON,2002,110
LAKE HURON,2003,80
LAKE HURON,2004,90
LAKE HURON,2005,71
LAKE HURON,2006,101
LAKE HURON,2007,63
LAKE HURON,2008,24
LAKE HURON,2009,12
LAKE HURON,2010,33
LAKE HURON,2011,80
LAKE HURON,2012,40
LAKE HURON,2013,25
LAKE HURON,2014,35
LAKE HURON,2015,58
LAKE HURON,2016,31
LAKE HURON,2017,24
LAKE HURON,2018,30
LAKE HURON,2019,21
LAKE HURON,2020,45
LAKE HURON,2021,50
LAKE HURON,2022,25
LAKE HURON,2023,12
LAKE MICHIGAN,2001,2
LAKE MICHIGAN,2002,122
LAKE MICHIGAN,2003,109
LAKE MICHIGAN,2004,184
LAKE MICHIGAN,2005,103
LAKE MICHIGAN,2006,174
LAKE MICHIGAN,2007,182
LAKE MICHIGAN,2008,163
LAKE MICHIGAN,2009,69
LAKE MICHIGAN,2010,129
LAKE MICHIGAN,2011,170
LAKE MICHIGAN,2012,157
LAKE MICHIGAN,2013,110
LAKE MICHIGAN,2014,95
LAKE MICHIGAN,2015,115
LAKE MICHIGAN,2016,85
LAKE MICHIGAN,2017,128
LAKE MICHIGAN,2018,116
LAKE MICHIGAN,2019,105
LAKE MICHIGAN,2020,147
LAKE MICHIGAN,2021,178
LAKE MICHIGAN,2022,126
LAKE MICHIGAN,2023,89
LAKE ONTARIO,2002,6
LAKE ONTARIO,2003,5
LAKE ONTARIO,2004,4
LAKE ONTARIO,2005,6
LAKE ONTARIO,2006,4
LAKE ONTARIO,2007,8
LAKE ONTARIO,2008,8
LAKE ONTARIO,2009,12
LAKE ONTARIO,2010,7
LAKE ONTARIO,2011,11
LAKE ONTARIO,2012,20
LAKE ONTARIO,2013,14
LAKE ONTARIO,2014,14
LAKE ONTARIO,2015,17
LAKE ONTARIO,2016,4
LAKE ONTARIO,2017,22
LAKE ONTARIO,2018,5
LAKE ONTARIO,2019,12
LAKE ONTARIO,2020,14
LAKE ONTARIO,2021,12
LAKE ONTARIO,2022,18
LAKE ONTARIO,2023,18
LAKE ST CLAIR,2001,2
LAKE ST CLAIR,2002,29
LAKE ST CLAIR,2003,37
LAKE ST CLAIR,2004,46
LAKE ST CLAIR,2005,21
LAKE ST CLAIR,2006,29
LAKE ST CLAIR,2007,32
LAKE ST CLAIR,2008,18
LAKE ST CLAIR,2009,13
LAKE ST CLAIR,2010,27
LAKE ST CLAIR,2011,27
LAKE ST CLAIR,2012,16
LAKE ST CLAIR,2013,20
LAKE ST CLAIR,2014,23
LAKE ST CLAIR,2015,16
LAKE ST CLAIR,2016,20
LAKE ST CLAIR,2017,28
LAKE ST CLAIR,2018,21
LAKE ST CLAIR,2019,55
LAKE ST CLAIR,2020,15
LAKE ST CLAIR,2021,37
LAKE ST CLAIR,2022,19
LAKE ST CLAIR,2023,29
LAKE SUPERIOR,2002,11
LAKE SUPERIOR,2003,10
LAKE SUPERIOR,2004,11
LAKE SUPERIOR,2005,9
LAKE SUPERIOR,2006,34
LAKE SUPERIOR,2007,34
LAKE SUPERIOR,2008,26
LAKE SUPERIOR,2009,11
LAKE SUPERIOR,2010,41
LAKE SUPERIOR,2011,127
LAKE SUPERIOR,2012,82
LAKE SUPERIOR,2013,80
LAKE SUPERIOR,2014,12
LAKE SUPERIOR,2015,16
LAKE SUPERIOR,2016,99
LAKE SUPERIOR,2017,84
LAKE SUPERIOR,2018,73
LAKE SUPERIOR,2019,102
LAKE SUPERIOR,2020,98
LAKE SUPERIOR,2021,92
LAKE SUPERIOR,2022,131
LAKE SUPERIOR,2023,61
LOUISIANA,1950,28
LOUISIANA,1951,10
LOUISIANA,1952,11
LOUISIANA,1953,32
LOUISIANA,1954,11
LOUISIANA,1955,15
LOUISIANA,1956,20
LOUISIANA,1957,50
LOUISIANA,1958,18
LOUISIANA,1959,34
LOUISIANA,1960,28
LOUISIANA,1961,52
LOUISIANA,1962,46
LOUISIANA,1963,27
LOUISIANA,1964,55
LOUISIANA,1965,85
LOUISIANA,1966,40
LOUISIANA,1967,46
LOUISIANA,1968,77
LOUISIANA,1969,65
LOUISIANA,1970,52
LOUISIANA,1971,64
LOUISIANA,1972,65
LOUISIANA,1973,131
LOUISIANA,1974,180
LOUISIANA,1975,225
LOUISIANA,1976,121
LOUISIANA,1977,111
LOUISIANA,1978,98
LOUISIANA,1979,105
LOUISIANA,1980,133
LOUISIANA,1981,131
LOUISIANA,1982,197
LOUISIANA,1983,403
LOUISIANA,1984,378
LOUISIANA,1985,301
LOUISIANA,1986,139
LOUISIANA,1987,289
LOUISIANA,1988,214
LOUISIANA,1989,323
LOUISIANA,1990,424
LOUISIANA,1991,440
LOUISIANA,1992,622
LOUISIANA,1993,371
LOUISIANA,1994,456
LOUISIANA,1995,784
LOUISIANA,1996,626
LOUISIANA,1997,644
LOUISIANA,1998,688
LOUISIANA,1999,71
LOUISIANA,2000,789
LOUISIANA,2001,633
LOUISIANA,2002,589
LOUISIANA,2003,525
LOUISIANA,2004,636
LOUISIANA,2005,553
LOUISIANA,2006,603
LOUISIANA,2007,463
LOUISIANA,2008,1000
LOUISIANA,2009,915
LOUISIANA,2010,696
LOUISIANA,2011,1207
LOUISIANA,2012,805
LOUISIANA,2013,586
LOUISIANA,2014,610
LOUISIANA,2015,752
LOUISIANA,2016,901
LOUISIANA,2017,821
LOUISIANA,2018,739
LOUISIANA,2019,813
LOUISIANA,2020,874
LOUISIANA,2021,784
LOUISIANA,2022,814
LOUISIANA,2023,1977
MAINE,1953,2
MAINE,1954,2
MAINE,1955,1
MAINE,1956,2
MAINE,1957,3
MAINE,1958,15
MAINE,1959,8
MAINE,1960,8
MAINE,1961,14
MAINE,1962,4
MAINE,1963,18
MAINE,1964,4
MAINE,1965,9
MAINE,1966,6
MAINE,1967,5
MAINE,1968,13
MAINE,1969,5
MAINE,1970,13
MAINE,1971,20
MAINE,1972,3
MAINE,1973,14
MAINE,1974,17
MAINE,1975,15
MAINE,1976,5
MAINE,1977,6
MAINE,1978,8
MAINE,1979,2
MAINE,1980,9
MAINE,1981,8
MAINE,1982,12
MAINE,1983,52
MAINE,1984,14
MAINE,1985,27
MAINE,1986,64
MAINE,1987,37
MAINE,1988,42
MAINE,1989,27
MAINE,1990,36
MAINE,1991,32
MAINE,1992,38
MAINE,1993,14
MAINE,1994,77
MAINE,1995,30
MAINE,1996,428
MAINE,1997,211
MAINE,1998,644
MAINE,1999,51
MAINE,2000,728
MAINE,2001,664
MAINE,2002,530
MAINE,2003,446
MAINE,2004,339
MAINE,2005,274
MAINE,2006,540
MAINE,2007,758
MAINE,2008,670
MAINE,2009,444
MAINE,2010,430
MAINE,2011,665
MAINE,2012,283
MAINE,2013,568
MAINE,2014,388
MAINE,2015,441
MAINE,2016,385
MAINE,2017,368
MAINE,2018,400
MAINE,2019,325
MAINE,2020,475
MAINE,2021,323
MAINE,2022,415
MAINE,2023,535
MARYLAND,1950,1
MARYLAND,1952,4
MARYLAND,1953,2
MARYLAND,1954,2
MARYLAND,1956,7
MARYLAND,1957,9
MARYLAND,1958,24
MARYLAND,1959,9
MARYLAND,1960,11
MARYLAND,1961,9
MARYLAND,1962,14
MARYLAND,1963,12
MARYLAND,1964,5
MARYLAND,1965,20
MARYLAND,1966,11
MARYLAND,1967,13
MARYLAND,1968,22
MARYLAND,1969,27
MARYLAND,1970,40
MARYLAND,1971,32
MARYLAND,1972,3
MARYLAND,1973,19
MARYLAND,1974,31
MARYLAND,1975,44
MARYLAND,1976,28
MARYLAND,1977,13
MARYLAND,1978,20
MARYLAND,1979,28
MARYLAND,1980,36
MARYLAND,1981,14
MARYLAND,1982,30
MARYLAND,1983,70
MARYLAND,1984,27
MARYLAND,1985,24
MARYLAND,1986,28
MARYLAND,1987,9
MARYLAND,1988,33
MARYLAND,1989,70
MARYLAND,1990,110
MARYLAND,1991,102
MARYLAND,1992,106
MARYLAND,1993,59
MARYLAND,1994,64
MARYLAND,1995,108
MARYLAND,1996,524
MARYLAND,1997,375
MARYLAND,1998,493
MARYLAND,1999,110
MARYLAND,2000,774
MARYLAND,2001,561
MARYLAND,2002,647
MARYLAND,2003,793
MARYLAND,2004,505
MARYLAND,2005,269
MARYLAND,2006,539
MARYLAND,2007,673
MARYLAND,2008,864
MARYLAND,2009,596
MARYLAND,2010,754
MARYLAND,2011,1073
MARYLAND,2012,1073
MARYLAND,2013,629
MARYLAND,2014,977
MARYLAND,2015,878
MARYLAND,2016,888
MARYLAND,2017,851
MARYLAND,2018,1220
MARYLAND,2019,1208
MARYLAND,2020,1128
MARYLAND,2021,1103
MARYLAND,2022,865
MARYLAND,2023,604
MASSACHUSETTS,1951,2
MASSACHUSETTS,1953,4
MASSACHUSETTS,1954,2
MASSACHUSETTS,1955,8
MASSACHUSETTS,1956,24
MASSACHUSETTS,1957,24
MASSACHUSETTS,1958,24
MASSACHUSETTS,1959,10
MASSACHUSETTS,1960,9
MASSACHUSETTS,1961,13
MASSACHUSETTS,1962,12
MASSACHUSETTS,1963,17
MASSACHUSETTS,1964,15
MASSACHUSETTS,1965,17
MASSACHUSETTS,1966,24
MASSACHUSETTS,1967,3
MASSACHUSETTS,1968,20
MASSACHUSETTS,1969,15
MASSACHUSETTS,1970,22
MASSACHUSETTS,1971,22
MASSACHUSETTS,1972,21
MASSACHUSETTS,1973,43
MASSACHUSETTS,1974,15
MASSACHUSETTS,1975,3
MASSACHUSETTS,1976,21
MASSACHUSETTS,1977,6
MASSACHUSETTS,1978,2
MASSACHUSETTS,1979,14
MASSACHUSETTS,1980,6
MASSACHUSETTS,1981,19
MASSACHUSETTS,1982,7
MASSACHUSETTS,1983,37
MASSACHUSETTS,1984,17
MASSACHUSETTS,1985,29
MASSACHUSETTS,1986,18
MASSACHUSETTS,1987,7
MASSACHUSETTS,1988,59
MASSACHUSETTS,1989,69
MASSACHUSETTS,1990,12
MASSACHUSETTS,1991,53
MASSACHUSETTS,1992,47
MASSACHUSETTS,1993,21
MASSACHUSETTS,1994,75
MASSACHUSETTS,1995,98
MASSACHUSETTS,1996,542
MASSACHUSETTS,1997,564
MASSACHUSETTS,1998,585
MASSACHUSETTS,1999,78
MASSACHUSETTS,2000,427
MASSACHUSETTS,2001,357
MASSACHUSETTS,2002,209
MASSACHUSETTS,2003,256
MASSACHUSETTS,2004,214
MASSACHUSETTS,2005,295
MASSACHUSETTS,2006,409
MASSACHUSETTS,2007,416
MASSACHUSETTS,2008,749
MASSACHUSETTS,2009,326
MASSACHUSETTS,2010,500
MASSACHUSETTS,2011,503
MASSACHUSETTS,2012,453
MASSACHUSETTS,2013,455
MASSACHUSETTS,2014,541
MASSACHUSETTS,2015,605
MASSACHUSETTS,2016,889
MASSACHUSETTS,2017,757
MASSACHUSETTS,2018,672
MASSACHUSETTS,2019,860
MASSACHUSETTS,2020,850
MASSACHUSETTS,2021,585
MASSACHUSETTS,2022,439
MASSACHUSETTS,2023,449
MICHIGAN,1951,8
MICHIGAN,1953,20
MICHIGAN,1954,12
MICHIGAN,1955,33
MICHIGAN,1956,70
MICHIGAN,1957,32
MICHIGAN,1958,30
MICHIGAN,1959,22
MICHIGAN,1960,44
MICHIGAN,1961,46
MICHIGAN,1962,49
MICHIGAN,1963,64
MICHIGAN,1964,49
MICHIGAN,1965,83
MICHIGAN,1966,51
MICHIGAN,1967,61
MICHIGAN,1968,109
MICHIGAN,1969,72
MICHIGAN,1970,49
MICHIGAN,1971,69
MICHIGAN,1972,35
MICHIGAN,1973,97
MICHIGAN,1974,137
MICHIGAN,1975,182
MICHIGAN,1976,141
MICHIGAN,1977,80
MICHIGAN,1978,71
MICHIGAN,1979,95
MICHIGAN,1980,178
MICHIGAN,1981,48
MICHIGAN,1982,124
MICHIGAN,1983,314
MICHIGAN,1984,118
MICHIGAN,1985,203
MICHIGAN,1986,168
MICHIGAN,1987,184
MICHIGAN,1988,269
MICHIGAN,1989,147
MICHIGAN,1990,143
MICHIGAN,1991,385
MICHIGAN,1992,226
MICHIGAN,1993,137
MICHIGAN,1994,311
MICHIGAN,1995,320
MICHIGAN,1996,723
MICHIGAN,1997,1082
MICHIGAN,1998,1147
MICHIGAN,1999,104
MICHIGAN,2000,1031
MICHIGAN,2001,956
MICHIGAN,2002,1090
MICHIGAN,2003,1022
MICHIGAN,2004,1217
MICHIGAN,2005,787
MICHIGAN,2006,1339
MICHIGAN,2007,1637
MICHIGAN,2008,1675
MICHIGAN,2009,751
MICHIGAN,2010,853
MICHIGAN,2011,1270
MICHIGAN,2012,992
MICHIGAN,2013,1216
MICHIGAN,2014,1214
MICHIGAN,2015,878
MICHIGAN,2016,797
MICHIGAN,2017,628
MICHIGAN,2018,767
MICHIGAN,2019,1067
MICHIGAN,2020,811
MICHIGAN,2021,964
MICHIGAN,2022,831
MICHIGAN,2023,752
MINNESOTA,1950,1
MINNESOTA,1951,4
MINNESOTA,1952,11
MINNESOTA,1953,10
MINNESOTA,1954,7
MINNESOTA,1955,40
MINNESOTA,1956,46
MINNESOTA,1957,39
MINNESOTA,1958,46
MINNESOTA,1959,55
MINNESOTA,1960,35
MINNESOTA,1961,42
MINNESOTA,1962,78
MINNESOTA,1963,40
MINNESOTA,1964,68
MINNESOTA,1965,101
MINNESOTA,1966,71
MINNESOTA,1967,81
MINNESOTA,1968,149
MINNESOTA,1969,87
MINNESOTA,1970,78
MINNESOTA,1971,101
MINNESOTA,1972,32
MINNESOTA,1973,132
MINNESOTA,1974,200
MINNESOTA,1975,147
MINNESOTA,1976,110
MINNESOTA,1977,157
MINNESOTA,1978,135
MINNESOTA,1979,202
MINNESOTA,1980,253
MINNESOTA,1981,174
MINNESOTA,1982,193
MINNESOTA,1983,287
MINNESOTA,1984,255
MINNESOTA,1985,274
MINNESOTA,1986,203
MINNESOTA,1987,207
MINNESOTA,1988,127
MINNESOTA,1989,174
MINNESOTA,1990,217
MINNESOTA,1991,317
MINNESOTA,1992,203
MINNESOTA,1993,64
MINNESOTA,1994,387
MINNESOTA,1995,232
MINNESOTA,1996,1654
MINNESOTA,1997,1415
MINNESOTA,1998,1200
MINNESOTA,1999,159
MINNESOTA,2000,1017
MINNESOTA,2001,1924
MINNESOTA,2002,1550
MINNESOTA,2003,1050
MINNESOTA,2004,1590
MINNESOTA,2005,1558
MINNESOTA,2006,1377
MINNESOTA,2007,1881
MINNESOTA,2008,2001
MINNESOTA,2009,1140
MINNESOTA,2010,2023
MINNESOTA,2011,1570
MINNESOTA,2012,1777
MINNESOTA,2013,1836
MINNESOTA,2014,1799
MINNESOTA,2015,1231
MINNESOTA,2016,1826
MINNESOTA,2017,1314
MINNESOTA,2018,1768
MINNESOTA,2019,2126
MINNESOTA,2020,1600
MINNESOTA,2021,1451
MINNESOTA,2022,2728
MINNESOTA,2023,1578
MISSISSIPPI,1950,16
MISSISSIPPI,1951,9
MISSISSIPPI,1952,7
MISSISSIPPI,1953,26
MISSISSIPPI,1954,19
MISSISSIPPI,1955,18
MISSISSIPPI,1956,16
MISSISSIPPI,1957,52
MISSISSIPPI,1958,40
MISSISSIPPI,1959,33
MISSISSIPPI,1960,26
MISSISSIPPI,1961,34
MISSISSIPPI,1962,45
MISSISSIPPI,1963,32
MISSISSIPPI,1964,48
MISSISSIPPI,1965,71
MISSISSIPPI,1966,85
MISSISSIPPI,1967,85
MISSISSIPPI,1968,117
MISSISSIPPI,1969,98
MISSISSIPPI,1970,124
MISSISSIPPI,1971,128
MISSISSIPPI,1972,105
MISSISSIPPI,1973,174
MISSISSIPPI,1974,134
MISSISSIPPI,1975,215
MISSISSIPPI,1976,179
MISSISSIPPI,1977,127
MISSISSIPPI,1978,101
MISSISSIPPI,1979,81
MISSISSIPPI,1980,99
MISSISSIPPI,1981,76
MISSISSIPPI,1982,123
MISSISSIPPI,1983,169
MISSISSIPPI,1984,155
MISSISSIPPI,1985,228
MISSISSIPPI,1986,193
MISSISSIPPI,1987,230
MISSISSIPPI,1988,374
MISSISSIPPI,1989,361
MISSISSIPPI,1990,332
MISSISSIPPI,1991,383
MISSISSIPPI,1992,372
MISSISSIPPI,1993,233
MISSISSIPPI,1994,423
MISSISSIPPI,1995,683
MISSISSIPPI,1996,696
MISSISSIPPI,1997,771
MISSISSIPPI,1998,734
MISSISSIPPI,1999,51
MISSISSIPPI,2000,934
MISSISSIPPI,2001,976
MISSISSIPPI,2002,809
MISSISSIPPI,2003,1197
MISSISSIPPI,2004,849
MISSISSIPPI,2005,843
MISSISSIPPI,2006,1010
MISSISSIPPI,2007,1218
MISSISSIPPI,2008,1809
MISSISSIPPI,2009,1221
MISSISSIPPI,2010,1579
MISSISSIPPI,2011,1739
MISSISSIPPI,2012,1071
MISSISSIPPI,2013,661
MISSISSIPPI,2014,899
MISSISSIPPI,2015,863
MISSISSIPPI,2016,1260
MISSISSIPPI,2017,1033
MISSISSIPPI,2018,1124
MISSISSIPPI,2019,1136
MISSISSIPPI,2020,1058
MISSISSIPPI,2021,1165
MISSISSIPPI,2022,1470
MISSISSIPPI,2023,1515
MISSOURI,1950,6
MISSOURI,1951,6
MISSOURI,1952,11
MISSOURI,1953,6
MISSOURI,1954,40
MISSOURI,1955,77
MISSOURI,1956,93
MISSOURI,1957,120
MISSOURI,1958,151
MISSOURI,1959,126
MISSOURI,1960,94
MISSOURI,1961,137
MISSOURI,1962,105
MISSOURI,1963,92
MISSOURI,1964,132
MISSOURI,1965,146
MISSOURI,1966,166
MISSOURI,1967,168
MISSOURI,1968,135
MISSOURI,1969,188
MISSOURI,1970,216
MISSOURI,1971,182
MISSOURI,1972,97
MISSOURI,1973,309
MISSOURI,1974,226
MISSOURI,1975,249
MISSOURI,1976,124
MISSOURI,1977,174
MISSOURI,1978,175
MISSOURI,1979,134
MISSOURI,1980,205
MISSOURI,1981,270
MISSOURI,1982,551
MISSOURI,1983,280
MISSOURI,1984,384
MISSOURI,1985,254
MISSOURI,1986,204
MISSOURI,1987,245
MISSOURI,1988,231
MISSOURI,1989,179
MISSOURI,1990,190
MISSOURI,1991,330
MISSOURI,1992,414
MISSOURI,1993,299
MISSOURI,1994,569
MISSOURI,1995,881
MISSOURI,1996,1309
MISSOURI,1997,1116
MISSOURI,1998,1502
MISSOURI,1999,111
MISSOURI,2000,2015
MISSOURI,2001,2279
MISSOURI,2002,1962
MISSOURI,2003,2530
MISSOURI,2004,1892
MISSOURI,2005,1193
MISSOURI,2006,2854
MISSOURI,2007,2016
MISSOURI,2008,3023
MISSOURI,2009,1925
MISSOURI,2010,2417
MISSOURI,2011,3194
MISSOURI,2012,2351
MISSOURI,2013,1979
MISSOURI,2014,1698
MISSOURI,2015,2477
MISSOURI,2016,1512
MISSOURI,2017,2289
MISSOURI,2018,1967
MISSOURI,2019,2172
MISSOURI,2020,1542
MISSOURI,2021,1646
MISSOURI,2022,1925
MISSOURI,2023,2166
MONTANA,1952,2
MONTANA,1953,5
MONTANA,1954,4
MONTANA,1955,16
MONTANA,1956,20
MONTANA,1957,36
MONTANA,1958,88
MONTANA,1959,28
MONTANA,1960,30
MONTANA,1961,26
MONTANA,1962,44
MONTANA,1963,45
MONTANA,1964,30
MONTANA,1965,43
MONTANA,1966,43
MONTANA,1967,22
MONTANA,1968,44
MONTANA,1969,32
MONTANA,1970,44
MONTANA,1971,33
MONTANA,1972,18
MONTANA,1973,41
MONTANA,1974,26
MONTANA,1975,64
MONTANA,1976,41
MONTANA,1977,13
MONTANA,1978,47
MONTANA,1979,23
MONTANA,1980,35
MONTANA,1981,36
MONTANA,1982,62
MONTANA,1983,68
MONTANA,1984,44
MONTANA,1985,32
MONTANA,1986,27
MONTANA,1987,26
MONTANA,1988,111
MONTANA,1989,89
MONTANA,1990,71
MONTANA,1991,137
MONTANA,1992,70
MONTANA,1993,72
MONTANA,1994,133
MONTANA,1995,262
MONTANA,1996,625
MONTANA,1997,601
MONTANA,1998,447
MONTANA,1999,80
MONTANA,2000,1002
MONTANA,2001,1223
MONTANA,2002,1147
MONTANA,2003,887
MONTANA,2004,685
MONTANA,2005,513
MONTANA,2006,901
MONTANA,2007,1212
MONTANA,2008,1336
MONTANA,2009,883
MONTANA,2010,1185
MONTANA,2011,1514
MONTANA,2012,1028
MONTANA,2013,1672
MONTANA,2014,1311
MONTANA,2015,787
MONTANA,2016,948
MONTANA,2017,969
MONTANA,2018,1088
MONTANA,2019,1315
MONTANA,2020,1349
MONTANA,2021,1424
MONTANA,2022,1901
MONTANA,2023,1040
NEBRASKA,1950,6
NEBRASKA,1951,9
NEBRASKA,1952,11
NEBRASKA,1953,49
NEBRASKA,1954,19
NEBRASKA,1955,68
NEBRASKA,1956,102
NEBRASKA,1957,120
NEBRASKA,1958,162
NEBRASKA,1959,113
NEBRASKA,1960,136
NEBRASKA,1961,91
NEBRASKA,1962,155
NEBRASKA,1963,89
NEBRASKA,1964,152
NEBRASKA,1965,142
NEBRASKA,1966,75
NEBRASKA,1967,131
NEBRASKA,1968,151
NEBRASKA,1969,104
NEBRASKA,1970,139
NEBRASKA,1971,141
NEBRASKA,1972,84
NEBRASKA,1973,201
NEBRASKA,1974,266
NEBRASKA,1975,243
NEBRASKA,1976,138
NEBRASKA,1977,256
NEBRASKA,1978,265
NEBRASKA,1979,339
NEBRASKA,1980,434
NEBRASKA,1981,282
NEBRASKA,1982,394
NEBRASKA,1983,215
NEBRASKA,1984,253
NEBRASKA,1985,321
NEBRASKA,1986,409
NEBRASKA,1987,219
NEBRASKA,1988,155
NEBRASKA,1989,280
NEBRASKA,1990,313
NEBRASKA,1991,327
NEBRASKA,1992,468
NEBRASKA,1993,119
NEBRASKA,1994,523
NEBRASKA,1995,396
NEBRASKA,1996,1741
NEBRASKA,1997,1627
NEBRASKA,1998,1259
NEBRASKA,1999,108
NEBRASKA,2000,1505
NEBRASKA,2001,1688
NEBRASKA,2002,1298
NEBRASKA,2003,1381
NEBRASKA,2004,1690
NEBRASKA,2005,723
NEBRASKA,2006,1389
NEBRASKA,2007,1766
NEBRASKA,2008,1934
NEBRASKA,2009,1817
NEBRASKA,2010,2151
NEBRASKA,2011,2479
NEBRASKA,2012,1963
NEBRASKA,2013,2363
NEBRASKA,2014,2352
NEBRASKA,2015,1497
NEBRASKA,2016,1554
NEBRASKA,2017,1544
NEBRASKA,2018,1717
NEBRASKA,2019,2087
NEBRASKA,2020,1728
NEBRASKA,2021,1611
NEBRASKA,2022,2195
NEBRASKA,2023,2210
NEVADA,1957,1
NEVADA,1958,1
NEVADA,1959,4
NEVADA,1961,6
NEVADA,1962,1
NEVADA,1963,1
NEVADA,1964,7
NEVADA,1965,4
NEVADA,1966,2
NEVADA,1967,3
NEVADA,1968,1
NEVADA,1969,4
NEVADA,1970,6
NEVADA,1971,2
NEVADA,1972,6
NEVADA,1973,8
NEVADA,1974,4
NEVADA,1975,5
NEVADA,1976,11
NEVADA,1977,6
NEVADA,1978,6
NEVADA,1979,10
NEVADA,1980,7
NEVADA,1981,6
NEVADA,1982,6
NEVADA,1983,4
NEVADA,1984,20
NEVADA,1985,12
NEVADA,1986,9
NEVADA,1987,22
NEVADA,1988,20
NEVADA,1989,12
NEVADA,1990,7
NEVADA,1991,6
NEVADA,1992,18
NEVADA,1993,12
NEVADA,1994,16
NEVADA,1995,20
NEVADA,1996,127
NEVADA,1997,158
NEVADA,1998,214
NEVADA,1999,32
NEVADA,2000,152
NEVADA,2001,136
NEVADA,2002,192
NEVADA,2003,164
NEVADA,2004,192
NEVADA,2005,151
NEVADA,2006,202
NEVADA,2007,154
NEVADA,2008,308
NEVADA,2009,187
NEVADA,2010,239
NEVADA,2011,187
NEVADA,2012,241
NEVADA,2013,208
NEVADA,2014,285
NEVADA,2015,254
NEVADA,2016,187
NEVADA,2017,272
NEVADA,2018,436
NEVADA,2019,334
NEVADA,2020,310
NEVADA,2021,450
NEVADA,2022,698
NEVADA,2023,606
NEW HAMPSHIRE,1951,1
NEW HAMPSHIRE,1953,2
NEW HAMPSHIRE,1954,1
NEW HAMPSHIRE,1955,3
NEW HAMPSHIRE,1956,3
NEW HAMPSHIRE,1957,3
NEW HAMPSHIRE,1958,3
NEW HAMPSHIRE,1959,2
NEW HAMPSHIRE,1960,3
NEW HAMPSHIRE,1961,6
NEW HAMPSHIRE,1962,12
NEW HAMPSHIRE,1963,14
NEW HAMPSHIRE,1964,4
NEW HAMPSHIRE,1965,8
NEW HAMPSHIRE,1966,11
NEW HAMPSHIRE,1967,4
NEW HAMPSHIRE,1968,12
NEW HAMPSHIRE,1969,3
NEW HAMPSHIRE,1970,12
NEW HAMPSHIRE,1971,11
NEW HAMPSHIRE,1972,9
NEW HAMPSHIRE,1973,12
NEW HAMPSHIRE,1974,8
NEW HAMPSHIRE,1975,11
NEW HAMPSHIRE,1976,12
NEW HAMPSHIRE,1977,8
NEW HAMPSHIRE,1978,6
NEW HAMPSHIRE,1979,7
NEW HAMPSHIRE,1980,10
NEW HAMPSHIRE,1981,8
NEW HAMPSHIRE,1982,2
NEW HAMPSHIRE,1983,26
NEW HAMPSHIRE,1984,11
NEW HAMPSHIRE,1985,7
NEW HAMPSHIRE,1986,52
NEW HAMPSHIRE,1987,22
NEW HAMPSHIRE,1988,44
NEW HAMPSHIRE,1989,7
NEW HAMPSHIRE,1990,15
NEW HAMPSHIRE,1991,23
NEW HAMPSHIRE,1992,8
NEW HAMPSHIRE,1993,16
NEW HAMPSHIRE,1994,38
NEW HAMPSHIRE,1995,18
NEW HAMPSHIRE,1996,257
NEW HAMPSHIRE,1997,142
NEW HAMPSHIRE,1998,312
NEW HAMPSHIRE,1999,21
NEW HAMPSHIRE,2000,363
NEW HAMPSHIRE,2001,399
NEW HAMPSHIRE,2002,325
NEW HAMPSHIRE,2003,180
NEW HAMPSHIRE,2004,173
NEW HAMPSHIRE,2005,145
NEW HAMPSHIRE,2006,257
NEW HAMPSHIRE,2007,394
NEW HAMPSHIRE,2008,382
NEW HAMPSHIRE,2009,167
NEW HAMPSHIRE,2010,236
NEW HAMPSHIRE,2011,353
NEW HAMPSHIRE,2012,229
NEW HAMPSHIRE,2013,261
NEW HAMPSHIRE,2014,264
NEW HAMPSHIRE,2015,187
NEW HAMPSHIRE,2016,168
NEW HAMPSHIRE,2017,295
NEW HAMPSHIRE,2018,249
NEW HAMPSHIRE,2019,129
NEW HAMPSHIRE,2020,263
NEW HAMPSHIRE,2021,211
NEW HAMPSHIRE,2022,293
NEW HAMPSHIRE,2023,260
NEW JERSEY,1951,1
NEW JERSEY,1952,4
NEW JERSEY,1955,4
NEW JERSEY,1956,9
NEW JERSEY,1957,7
NEW JERSEY,1958,8
NEW JERSEY,1960,8
NEW JERSEY,1961,1
NEW JERSEY,1962,6
NEW JERSEY,1963,5
NEW JERSEY,1964,8
NEW JERSEY,1965,3
NEW JERSEY,1966,6
NEW JERSEY,1967,4
NEW JERSEY,1968,6
NEW JERSEY,1969,5
NEW JERSEY,1970,19
NEW JERSEY,1971,5
NEW JERSEY,1972,1
NEW JERSEY,1973,13
NEW JERSEY,1974,18
NEW JERSEY,1975,17
NEW JERSEY,1976,13
NEW JERSEY,1977,13
NEW JERSEY,1978,3
NEW JERSEY,1979,9
NEW JERSEY,1980,24
NEW JERSEY,1981,8
NEW JERSEY,1982,15
NEW JERSEY,1983,19
NEW JERSEY,1984,18
NEW JERSEY,1985,42
NEW JERSEY,1986,13
NEW JERSEY,1987,103
NEW JERSEY,1988,77
NEW JERSEY,1989,119
NEW JERSEY,1990,102
NEW JERSEY,1991,110
NEW JERSEY,1992,106
NEW JERSEY,1993,31
NEW JERSEY,1994,109
NEW JERSEY,1995,106
NEW JERSEY,1996,788
NEW JERSEY,1997,759
NEW JERSEY,1998,780
NEW JERSEY,1999,233
NEW JERSEY,2000,781
NEW JERSEY,2001,768
NEW JERSEY,2002,1050
NEW JERSEY,2003,920
NEW JERSEY,2004,746
NEW JERSEY,2005,532
NEW JERSEY,2006,856
NEW JERSEY,2007,1044
NEW JERSEY,2008,966
NEW JERSEY,2009,935
NEW JERSEY,2010,906
NEW JERSEY,2011,1047
NEW JERSEY,2012,997
NEW JERSEY,2013,821
NEW JERSEY,2014,972
NEW JERSEY,2015,861
NEW JERSEY,2016,722
NEW JERSEY,2017,628
NEW JERSEY,2018,626
NEW JERSEY,2019,904
NEW JERSEY,2020,957
NEW JERSEY,2021,962
NEW JERSEY,2022,549
NEW JERSEY,2023,546
NEW MEXICO,1950,2
NEW MEXICO,1951,2
NEW MEXICO,1954,8
NEW MEXICO,1955,4
NEW MEXICO,1956,12
NEW MEXICO,1957,35
NEW MEXICO,1958,13
NEW MEXICO,1959,32
NEW MEXICO,1960,24
NEW MEXICO,1961,33
NEW MEXICO,1962,28
NEW MEXICO,1963,33
NEW MEXICO,1964,19
NEW MEXICO,1965,48
NEW MEXICO,1966,41
NEW MEXICO,1967,37
NEW MEXICO,1968,30
NEW MEXICO,1969,54
NEW MEXICO,1970,29
NEW MEXICO,1971,36
NEW MEXICO,1972,41
NEW MEXICO,1973,22
NEW MEXICO,1974,27
NEW MEXICO,1975,23
NEW MEXICO,1976,17
NEW MEXICO,1977,27
NEW MEXICO,1978,26
NEW MEXICO,1979,35
NEW MEXICO,1980,12
NEW MEXICO,1981,21
NEW MEXICO,1982,41
NEW MEXICO,1983,15
NEW MEXICO,1984,16
NEW MEXICO,1985,21
NEW MEXICO,1986,22
NEW MEXICO,1987,54
NEW MEXICO,1988,54
NEW MEXICO,1989,127
NEW MEXICO,1990,71
NEW MEXICO,1991,105
NEW MEXICO,1992,154
NEW MEXICO,1993,47
NEW MEXICO,1994,113
NEW MEXICO,1995,178
NEW MEXICO,1996,378
NEW MEXICO,1997,395
NEW MEXICO,1998,265
NEW MEXICO,1999,41
NEW MEXICO,2000,419
NEW MEXICO,2001,204
NEW MEXICO,2002,447
NEW MEXICO,2003,445
NEW MEXICO,2004,478
NEW MEXICO,2005,131
NEW MEXICO,2006,439
NEW MEXICO,2007,527
NEW MEXICO,2008,539
NEW MEXICO,2009,518
NEW MEXICO,2010,764
NEW MEXICO,2011,1009
NEW MEXICO,2012,1158
NEW MEXICO,2013,1387
NEW MEXICO,2014,1238
NEW MEXICO,2015,814
NEW MEXICO,2016,482
NEW MEXICO,2017,761
NEW MEXICO,2018,1152
NEW MEXICO,2019,860
NEW MEXICO,2020,763
NEW MEXICO,2021,1300
NEW MEXICO,2022,1173
NEW MEXICO,2023,1088
NEW YORK,1952,1
NEW YORK,1954,2
NEW YORK,1955,4
NEW YORK,1956,14
NEW YORK,1957,17
NEW YORK,1958,28
NEW YORK,1959,17
NEW YORK,1960,27
NEW YORK,1961,27
NEW YORK,1962,23
NEW YORK,1963,16
NEW YORK,1964,19
NEW YORK,1965,33
NEW YORK,1966,46
NEW YORK,1967,15
NEW YORK,1968,49
NEW YORK,1969,64
NEW YORK,1970,55
NEW YORK,1971,36
NEW YORK,1972,19
NEW YORK,1973,76
NEW YORK,1974,80
NEW YORK,1975,67
NEW YORK,1976,50
NEW YORK,1977,23
NEW YORK,1978,37
NEW YORK,1979,46
NEW YORK,1980,55
NEW YORK,1981,16
NEW YORK,1982,109
NEW YORK,1983,237
NEW YORK,1984,101
NEW YORK,1985,137
NEW YORK,1986,240
NEW YORK,1987,174
NEW YORK,1988,324
NEW YORK,1989,296
NEW YORK,1990,386
NEW YORK,1991,372
NEW YORK,1992,268
NEW YORK,1993,279
NEW YORK,1994,567
NEW YORK,1995,585
NEW YORK,1996,1606
NEW YORK,1997,1114
NEW YORK,1998,1183
NEW YORK,1999,257
NEW YORK,2000,1676
NEW YORK,2001,939
NEW YORK,2002,1376
NEW YORK,2003,1101
NEW YORK,2004,1207
NEW YORK,2005,1010
NEW YORK,2006,1306
NEW YORK,2007,1750
NEW YORK,2008,2490
NEW YORK,2009,1475
NEW YORK,2010,1479
NEW YORK,2011,2227
NEW YORK,2012,1603
NEW YORK,2013,1759
NEW YORK,2014,1782
NEW YORK,2015,1272
NEW YORK,2016,1334
NEW YORK,2017,2024
NEW YORK,2018,1985
NEW YORK,2019,2498
NEW YORK,2020,1968
NEW YORK,2021,2395
NEW YORK,2022,1991
NEW YORK,2023,1631
NORTH CAROLINA,1950,9
NORTH CAROLINA,1951,4
NORTH CAROLINA,1952,7
NORTH CAROLINA,1953,5
NORTH CAROLINA,1954,9
NORTH CAROLINA,1955,18
NORTH CAROLINA,1956,21
NORTH CAROLINA,1957,32
NORTH CAROLINA,1958,31
NORTH CAROLINA,1959,32
NORTH CAROLINA,1960,19
NORTH CAROLINA,1961,30
NORTH CAROLINA,1962,24
NORTH CAROLINA,1963,29
NORTH CAROLINA,1964,37
NORTH CAROLINA,1965,41
NORTH CAROLINA,1966,56
NORTH CAROLINA,1967,43
NORTH CAROLINA,1968,50
NORTH CAROLINA,1969,45
NORTH CAROLINA,1970,87
NORTH CAROLINA,1971,44
NORTH CAROLINA,1972,15
NORTH CAROLINA,1973,82
NORTH CAROLINA,1974,79
NORTH CAROLINA,1975,148
NORTH CAROLINA,1976,86
NORTH CAROLINA,1977,90
NORTH CAROLINA,1978,65
NORTH CAROLINA,1979,64
NORTH CAROLINA,1980,76
NORTH CAROLINA,1981,59
NORTH CAROLINA,1982,95
NORTH CAROLINA,1983,123
NORTH CAROLINA,1984,284
NORTH CAROLINA,1985,489
NORTH CAROLINA,1986,392
NORTH CAROLINA,1987,296
NORTH CAROLINA,1988,359
NORTH CAROLINA,1989,430
NORTH CAROLINA,1990,321
NORTH CAROLINA,1991,180
NORTH CAROLINA,1992,317
NORTH CAROLINA,1993,195
NORTH CAROLINA,1994,144
NORTH CAROLINA,1995,583
NORTH CAROLINA,1996,1725
NORTH CAROLINA,1997,1005
NORTH CAROLINA,1998,1672
NORTH CAROLINA,1999,163
NORTH CAROLINA,2000,1711
NORTH CAROLINA,2001,944
NORTH CAROLINA,2002,1255
NORTH CAROLINA,2003,1939
NORTH CAROLINA,2004,1550
NORTH CAROLINA,2005,661
NORTH CAROLINA,2006,1981
NORTH CAROLINA,2007,1721
NORTH CAROLINA,2008,2539
NORTH CAROLINA,2009,1842
NORTH CAROLINA,2010,2236
NORTH CAROLINA,2011,2435
NORTH CAROLINA,2012,1915
NORTH CAROLINA,2013,1237
NORTH CAROLINA,2014,1557
NORTH CAROLINA,2015,1384
NORTH CAROLINA,2016,1656
NORTH CAROLINA,2017,1224
NORTH CAROLINA,2018,1846
NORTH CAROLINA,2019,1447
NORTH CAROLINA,2020,1691
NORTH CAROLINA,2021,904
NORTH CAROLINA,2022,1586
NORTH CAROLINA,2023,1324
NORTH DAKOTA,1950,2
NORTH DAKOTA,1951,2
NORTH DAKOTA,1952,11
NORTH DAKOTA,1953,10
NORTH DAKOTA,1954,4
NORTH DAKOTA,1955,26
NORTH DAKOTA,1956,17
NORTH DAKOTA,1957,41
NORTH DAKOTA,1958,30
NORTH DAKOTA,1959,27
NORTH DAKOTA,1960,35
NORTH DAKOTA,1961,12
NORTH DAKOTA,1962,45
NORTH DAKOTA,1963,32
NORTH DAKOTA,1964,34
NORTH DAKOTA,1965,77
NORTH DAKOTA,1966,67
NORTH DAKOTA,1967,39
NORTH DAKOTA,1968,37
NORTH DAKOTA,1969,34
NORTH DAKOTA,1970,46
NORTH DAKOTA,1971,51
NORTH DAKOTA,1972,25
NORTH DAKOTA,1973,70
NORTH DAKOTA,1974,81
NORTH DAKOTA,1975,62
NORTH DAKOTA,1976,128
NORTH DAKOTA,1977,151
NORTH DAKOTA,1978,186
NORTH DAKOTA,1979,117
NORTH DAKOTA,1980,225
NORTH DAKOTA,1981,133
NORTH DAKOTA,1982,189
NORTH DAKOTA,1983,254
NORTH DAKOTA,1984,98
NORTH DAKOTA,1985,127
NORTH DAKOTA,1986,180
NORTH DAKOTA,1987,114
NORTH DAKOTA,1988,138
NORTH DAKOTA,1989,144
NORTH DAKOTA,1990,176
NORTH DAKOTA,1991,189
NORTH DAKOTA,1992,91
NORTH DAKOTA,1993,35
NORTH DAKOTA,1994,223
NORTH DAKOTA,1995,160
NORTH DAKOTA,1996,939
NORTH DAKOTA,1997,736
NORTH DAKOTA,1998,429
NORTH DAKOTA,1999,57
NORTH DAKOTA,2000,967
NORTH DAKOTA,2001,966
NORTH DAKOTA,2002,874
NORTH DAKOTA,2003,583
NORTH DAKOTA,2004,1025
NORTH DAKOTA,2005,814
NORTH DAKOTA,2006,811
NORTH DAKOTA,2007,905
NORTH DAKOTA,2008,1206
NORTH DAKOTA,2009,957
NORTH DAKOTA,2010,1420
NORTH DAKOTA,2011,1469
NORTH DAKOTA,2012,687
NORTH DAKOTA,2013,1148
NORTH DAKOTA,2014,876
NORTH DAKOTA,2015,811
NORTH DAKOTA,2016,1092
NORTH DAKOTA,2017,720
NORTH DAKOTA,2018,923
NORTH DAKOTA,2019,1095
NORTH DAKOTA,2020,927
NORTH DAKOTA,2021,1196
NORTH DAKOTA,2022,1486
NORTH DAKOTA,2023,695
OHIO,1950,3
OHIO,1951,3
OHIO,1952,2
OHIO,1953,8
OHIO,1954,13
OHIO,1955,23
OHIO,1956,33
OHIO,1957,26
OHIO,1958,34
OHIO,1959,26
OHIO,1960,33
OHIO,1961,47
OHIO,1962,44
OHIO,1963,48
OHIO,1964,35
OHIO,1965,89
OHIO,1966,63
OHIO,1967,49
OHIO,1968,104
OHIO,1969,73
OHIO,1970,97
OHIO,1971,81
OHIO,1972,35
OHIO,1973,165
OHIO,1974,213
OHIO,1975,84
OHIO,1976,109
OHIO,1977,88
OHIO,1978,69
OHIO,1979,58
OHIO,1980,409
OHIO,1981,151
OHIO,1982,311
OHIO,1983,362
OHIO,1984,113
OHIO,1985,245
OHIO,1986,303
OHIO,1987,222
OHIO,1988,147
OHIO,1989,219
OHIO,1990,319
OHIO,1991,373
OHIO,1992,433
OHIO,1993,72
OHIO,1994,610
OHIO,1995,701
OHIO,1996,1607
OHIO,1997,1137
OHIO,1998,1479
OHIO,1999,120
OHIO,2000,1418
OHIO,2001,953
OHIO,2002,1531
OHIO,2003,1739
OHIO,2004,1441
OHIO,2005,729
OHIO,2006,1213
OHIO,2007,1233
OHIO,2008,1569
OHIO,2009,926
OHIO,2010,1457
OHIO,2011,2233
OHIO,2012,1806
OHIO,2013,1767
OHIO,2014,1473
OHIO,2015,1416
OHIO,2016,1051
OHIO,2017,1473
OHIO,2018,1332
OHIO,2019,2279
OHIO,2020,1820
OHIO,2021,1072
OHIO,2022,1565
OHIO,2023,967
OKLAHOMA,1950,25
OKLAHOMA,1951,45
OKLAHOMA,1952,25
OKLAHOMA,1953,56
OKLAHOMA,1954,61
OKLAHOMA,1955,136
OKLAHOMA,1956,186
OKLAHOMA,1957,250
OKLAHOMA,1958,134
OKLAHOMA,1959,189
OKLAHOMA,1960,252
OKLAHOMA,1961,224
OKLAHOMA,1962,232
OKLAHOMA,1963,182
OKLAHOMA,1964,202
OKLAHOMA,1965,210
OKLAHOMA,1966,232
OKLAHOMA,1967,194
OKLAHOMA,1968,284
OKLAHOMA,1969,159
OKLAHOMA,1970,163
OKLAHOMA,1971,189
OKLAHOMA,1972,82
OKLAHOMA,1973,257
OKLAHOMA,1974,171
OKLAHOMA,1975,227
OKLAHOMA,1976,161
OKLAHOMA,1977,192
OKLAHOMA,1978,132
OKLAHOMA,1979,307
OKLAHOMA,1980,215
OKLAHOMA,1981,231
OKLAHOMA,1982,379
OKLAHOMA,1983,630
OKLAHOMA,1984,661
OKLAHOMA,1985,736
OKLAHOMA,1986,1055
OKLAHOMA,1987,626
OKLAHOMA,1988,564
OKLAHOMA,1989,998
OKLAHOMA,1990,834
OKLAHOMA,1991,1133
OKLAHOMA,1992,1499
OKLAHOMA,1993,1119
OKLAHOMA,1994,1670
OKLAHOMA,1995,1714
OKLAHOMA,1996,2392
OKLAHOMA,1997,1670
OKLAHOMA,1998,1807
OKLAHOMA,1999,215
OKLAHOMA,2000,1796
OKLAHOMA,2001,2230
OKLAHOMA,2002,1572
OKLAHOMA,2003,1975
OKLAHOMA,2004,1890
OKLAHOMA,2005,924
OKLAHOMA,2006,2536
OKLAHOMA,2007,1716
OKLAHOMA,2008,2341
OKLAHOMA,2009,2038
OKLAHOMA,2010,1229
OKLAHOMA,2011,2805
OKLAHOMA,2012,1857
OKLAHOMA,2013,2212
OKLAHOMA,2014,1440
OKLAHOMA,2015,2057
OKLAHOMA,2016,1363
OKLAHOMA,2017,1933
OKLAHOMA,2018,1549
OKLAHOMA,2019,1803
OKLAHOMA,2020,1630
OKLAHOMA,2021,1324
OKLAHOMA,2022,2077
OKLAHOMA,2023,3723
OREGON,1951,1
OREGON,1954,1
OREGON,1955,2
OREGON,1956,3
OREGON,1957,6
OREGON,1958,16
OREGON,1960,3
OREGON,1961,1
OREGON,1962,2
OREGON,1963,4
OREGON,1964,2
OREGON,1965,2
OREGON,1966,3
OREGON,1967,5
OREGON,1968,4
OREGON,1969,9
OREGON,1970,7
OREGON,1971,5
OREGON,1972,3
OREGON,1973,1
OREGON,1974,1
OREGON,1975,7
OREGON,1976,1
OREGON,1977,4
OREGON,1978,3
OREGON,1981,4
OREGON,1982,26
OREGON,1983,7
OREGON,1984,9
OREGON,1985,2
OREGON,1986,1
OREGON,1987,6
OREGON,1988,4
OREGON,1989,5
OREGON,1990,9
OREGON,1991,30
OREGON,1992,16
OREGON,1993,11
OREGON,1994,11
OREGON,1995,39
OREGON,1996,334
OREGON,1997,176
OREGON,1998,288
OREGON,1999,79
OREGON,2000,272
OREGON,2001,332
OREGON,2002,441
OREGON,2003,410
OREGON,2004,414
OREGON,2005,301
OREGON,2006,745
OREGON,2007,379
OREGON,2008,428
OREGON,2009,342
OREGON,2010,375
OREGON,2011,342
OREGON,2012,503
OREGON,2013,290
OREGON,2014,399
OREGON,2015,381
OREGON,2016,317
OREGON,2017,398
OREGON,2018,246
OREGON,2019,290
OREGON,2020,356
OREGON,2021,391
OREGON,2022,333
OREGON,2023,290
PENNSYLVANIA,1950,6
PENNSYLVANIA,1951,4
PENNSYLVANIA,1952,7
PENNSYLVANIA,1953,6
PENNSYLVANIA,1954,22
PENNSYLVANIA,1955,16
PENNSYLVANIA,1956,22
PENNSYLVANIA,1957,20
PENNSYLVANIA,1958,29
PENNSYLVANIA,1959,9
PENNSYLVANIA,1960,14
PENNSYLVANIA,1961,24
PENNSYLVANIA,1962,27
PENNSYLVANIA,1963,35
PENNSYLVANIA,1964,18
PENNSYLVANIA,1965,30
PENNSYLVANIA,1966,29
PENNSYLVANIA,1967,37
PENNSYLVANIA,1968,62
PENNSYLVANIA,1969,46
PENNSYLVANIA,1970,106
PENNSYLVANIA,1971,42
PENNSYLVANIA,1972,15
PENNSYLVANIA,1973,95
PENNSYLVANIA,1974,128
PENNSYLVANIA,1975,109
PENNSYLVANIA,1976,104
PENNSYLVANIA,1977,83
PENNSYLVANIA,1978,81
PENNSYLVANIA,1979,80
PENNSYLVANIA,1980,137
PENNSYLVANIA,1981,57
PENNSYLVANIA,1982,52
PENNSYLVANIA,1983,149
PENNSYLVANIA,1984,69
PENNSYLVANIA,1985,258
PENNSYLVANIA,1986,228
PENNSYLVANIA,1987,177
PENNSYLVANIA,1988,253
PENNSYLVANIA,1989,257
PENNSYLVANIA,1990,389
PENNSYLVANIA,1991,457
PENNSYLVANIA,1992,372
PENNSYLVANIA,1993,166
PENNSYLVANIA,1994,461
PENNSYLVANIA,1995,632
PENNSYLVANIA,1996,1660
PENNSYLVANIA,1997,1135
PENNSYLVANIA,1998,1328
PENNSYLVANIA,1999,191
PENNSYLVANIA,2000,1353
PENNSYLVANIA,2001,1051
PENNSYLVANIA,2002,1440
PENNSYLVANIA,2003,1591
PENNSYLVANIA,2004,1582
PENNSYLVANIA,2005,947
PENNSYLVANIA,2006,1277
PENNSYLVANIA,2007,1687
PENNSYLVANIA,2008,1424
PENNSYLVANIA,2009,1226
PENNSYLVANIA,2010,1263
PENNSYLVANIA,2011,1925
PENNSYLVANIA,2012,1685
PENNSYLVANIA,2013,1803
PENNSYLVANIA,2014,1676
PENNSYLVANIA,2015,1470
PENNSYLVANIA,2016,898
PENNSYLVANIA,2017,1499
PENNSYLVANIA,2018,1556
PENNSYLVANIA,2019,2395
PENNSYLVANIA,2020,1978
PENNSYLVANIA,2021,2250
PENNSYLVANIA,2022,1527
PENNSYLVANIA,2023,1500
PUERTO RICO,1974,1
PUERTO RICO,1993,4
PUERTO RICO,1994,11
PUERTO RICO,1995,24
PUERTO RICO,1996,111
PUERTO RICO,1997,142
PUERTO RICO,1998,137
PUERTO RICO,1999,11
PUERTO RICO,2000,119
PUERTO RICO,2001,136
PUERTO RICO,2002,79
PUERTO RICO,2003,245
PUERTO RICO,2004,295
PUERTO RICO,2005,296
PUERTO RICO,2006,189
PUERTO RICO,2007,192
PUERTO RICO,2008,149
PUERTO RICO,2009,207
PUERTO RICO,2010,217
PUERTO RICO,2011,181
PUERTO RICO,2012,136
PUERTO RICO,2013,224
PUERTO RICO,2014,144
PUERTO RICO,2015,102
PUERTO RICO,2016,184
PUERTO RICO,2017,222
PUERTO RICO,2018,98
PUERTO RICO,2019,155
PUERTO RICO,2020,174
PUERTO RICO,2021,199
PUERTO RICO,2022,340
PUERTO RICO,2023,247
RHODE ISLAND,1956,3
RHODE ISLAND,1957,2
RHODE ISLAND,1959,1
RHODE ISLAND,1961,1
RHODE ISLAND,1964,1
RHODE ISLAND,1965,1
RHODE ISLAND,1969,4
RHODE ISLAND,1971,2
RHODE ISLAND,1972,1
RHODE ISLAND,1973,3
RHODE ISLAND,1974,3
RHODE ISLAND,1976,1
RHODE ISLAND,1979,4
RHODE ISLAND,1981,1
RHODE ISLAND,1983,9
RHODE ISLAND,1984,1
RHODE ISLAND,1985,1
RHODE ISLAND,1986,4
RHODE ISLAND,1987,2
RHODE ISLAND,1989,2
RHODE ISLAND,1990,5
RHODE ISLAND,1991,2
RHODE ISLAND,1992,4
RHODE ISLAND,1993,2
RHODE ISLAND,1994,7
RHODE ISLAND,1995,20
RHODE ISLAND,1996,142
RHODE ISLAND,1997,140
RHODE ISLAND,1998,125
RHODE ISLAND,1999,24
RHODE ISLAND,2000,87
RHODE ISLAND,2001,60
RHODE ISLAND,2002,31
RHODE ISLAND,2003,48
RHODE ISLAND,2004,31
RHODE ISLAND,2005,47
RHODE ISLAND,2006,64
RHODE ISLAND,2007,51
RHODE ISLAND,2008,88
RHODE ISLAND,2009,37
RHODE ISLAND,2010,54
RHODE ISLAND,2011,54
RHODE ISLAND,2012,99
RHODE ISLAND,2013,63
RHODE ISLAND,2014,50
RHODE ISLAND,2015,109
RHODE ISLAND,2016,178
RHODE ISLAND,2017,68
RHODE ISLAND,2018,71
RHODE ISLAND,2019,92
RHODE ISLAND,2020,94
RHODE ISLAND,2021,72
RHODE ISLAND,2022,75
RHODE ISLAND,2023,76
SOUTH CAROLINA,1950,1
SOUTH CAROLINA,1951,1
SOUTH CAROLINA,1952,3
SOUTH CAROLINA,1953,4
SOUTH CAROLINA,1954,1
SOUTH CAROLINA,1955,20
SOUTH CAROLINA,1956,26
SOUTH CAROLINA,1957,28
SOUTH CAROLINA,1958,12
SOUTH CAROLINA,1959,15
SOUTH CAROLINA,1960,27
SOUTH CAROLINA,1961,24
SOUTH CAROLINA,1962,28
SOUTH CAROLINA,1963,27
SOUTH CAROLINA,1964,31
SOUTH CAROLINA,1965,41
SOUTH CAROLINA,1966,32
SOUTH CAROLINA,1967,37
SOUTH CAROLINA,1968,32
SOUTH CAROLINA,1969,31
SOUTH CAROLINA,1970,42
SOUTH CAROLINA,1971,48
SOUTH CAROLINA,1972,13
SOUTH CAROLINA,1973,68
SOUTH CAROLINA,1974,100
SOUTH CAROLINA,1975,112
SOUTH CAROLINA,1976,57
SOUTH CAROLINA,1977,56
SOUTH CAROLINA,1978,33
SOUTH CAROLINA,1979,25
SOUTH CAROLINA,1980,41
SOUTH CAROLINA,1981,25
SOUTH CAROLINA,1982,78
SOUTH CAROLINA,1983,130
SOUTH CAROLINA,1984,195
SOUTH CAROLINA,1985,194
SOUTH CAROLINA,1986,121
SOUTH CAROLINA,1987,128
SOUTH CAROLINA,1988,234
SOUTH CAROLINA,1989,298
SOUTH CAROLINA,1990,230
SOUTH CAROLINA,1991,170
SOUTH CAROLINA,1992,186
SOUTH CAROLINA,1993,92
SOUTH CAROLINA,1994,328
SOUTH CAROLINA,1995,573
SOUTH CAROLINA,1996,805
SOUTH CAROLINA,1997,550
SOUTH CAROLINA,1998,753
SOUTH CAROLINA,1999,42
SOUTH CAROLINA,2000,828
SOUTH CAROLINA,2001,589
SOUTH CAROLINA,2002,722
SOUTH CAROLINA,2003,789
SOUTH CAROLINA,2004,788
SOUTH CAROLINA,2005,389
SOUTH CAROLINA,2006,1145
SOUTH CAROLINA,2007,915
SOUTH CAROLINA,2008,1521
SOUTH CAROLINA,2009,1069
SOUTH CAROLINA,2010,1164
SOUTH CAROLINA,2011,1723
SOUTH CAROLINA,2012,1275
SOUTH CAROLINA,2013,920
SOUTH CAROLINA,2014,782
SOUTH CAROLINA,2015,1317
SOUTH CAROLINA,2016,1113
SOUTH CAROLINA,2017,912
SOUTH CAROLINA,2018,929
SOUTH CAROLINA,2019,827
SOUTH CAROLINA,2020,870
SOUTH CAROLINA,2021,465
SOUTH CAROLINA,2022,1146
SOUTH CAROLINA,2023,846
SOUTH DAKOTA,1950,1
SOUTH DAKOTA,1951,2
SOUTH DAKOTA,1952,5
SOUTH DAKOTA,1953,12
SOUTH DAKOTA,1954,16
SOUTH DAKOTA,1955,32
SOUTH DAKOTA,1956,50
SOUTH DAKOTA,1957,63
SOUTH DAKOTA,1958,60
SOUTH DAKOTA,1959,51
SOUTH DAKOTA,1960,48
SOUTH DAKOTA,1961,41
SOUTH DAKOTA,1962,72
SOUTH DAKOTA,1963,54
SOUTH DAKOTA,1964,73
SOUTH DAKOTA,1965,99
SOUTH DAKOTA,1966,84
SOUTH DAKOTA,1967,68
SOUTH DAKOTA,1968,75
SOUTH DAKOTA,1969,97
SOUTH DAKOTA,1970,85
SOUTH DAKOTA,1971,93
SOUTH DAKOTA,1972,67
SOUTH DAKOTA,1973,107
SOUTH DAKOTA,1974,115
SOUTH DAKOTA,1975,128
SOUTH DAKOTA,1976,43
SOUTH DAKOTA,1977,119
SOUTH DAKOTA,1978,121
SOUTH DAKOTA,1979,115
SOUTH DAKOTA,1980,252
SOUTH DAKOTA,1981,159
SOUTH DAKOTA,1982,258
SOUTH DAKOTA,1983,197
SOUTH DAKOTA,1984,168
SOUTH DAKOTA,1985,283
SOUTH DAKOTA,1986,238
SOUTH DAKOTA,1987,205
SOUTH DAKOTA,1988,100
SOUTH DAKOTA,1989,113
SOUTH DAKOTA,1990,168
SOUTH DAKOTA,1991,354
SOUTH DAKOTA,1992,283
SOUTH DAKOTA,1993,110
SOUTH DAKOTA,1994,249
SOUTH DAKOTA,1995,228
SOUTH DAKOTA,1996,1262
SOUTH DAKOTA,1997,1238
SOUTH DAKOTA,1998,546
SOUTH DAKOTA,1999,67
SOUTH DAKOTA,2000,1323
SOUTH DAKOTA,2001,1171
SOUTH DAKOTA,2002,1273
SOUTH DAKOTA,2003,1207
SOUTH DAKOTA,2004,1300
SOUTH DAKOTA,2005,1039
SOUTH DAKOTA,2006,1377
SOUTH DAKOTA,2007,1568
SOUTH DAKOTA,2008,1870
SOUTH DAKOTA,2009,1521
SOUTH DAKOTA,2010,1957
SOUTH DAKOTA,2011,1906
SOUTH DAKOTA,2012,1556
SOUTH DAKOTA,2013,1743
SOUTH DAKOTA,2014,1335
SOUTH DAKOTA,2015,1680
SOUTH DAKOTA,2016,1793
SOUTH DAKOTA,2017,1423
SOUTH DAKOTA,2018,2186
SOUTH DAKOTA,2019,2542
SOUTH DAKOTA,2020,2174
SOUTH DAKOTA,2021,1860
SOUTH DAKOTA,2022,2741
SOUTH DAKOTA,2023,1890
ST LAWRENCE R,2002,1
ST LAWRENCE R,2003,4
ST LAWRENCE R,2004,1
ST LAWRENCE R,2006,1
ST LAWRENCE R,2009,1
ST LAWRENCE R,2011,1
ST LAWRENCE R,2012,2
ST LAWRENCE R,2016,3
ST LAWRENCE R,2017,2
ST LAWRENCE R,2018,1
ST LAWRENCE R,2020,2
ST LAWRENCE R,2021,4
ST LAWRENCE R,2022,2
TENNESSEE,1950,3
TENNESSEE,1951,1
TENNESSEE,1952,26
TENNESSEE,1953,17
TENNESSEE,1954,2
TENNESSEE,1955,31
TENNESSEE,1956,23
TENNESSEE,1957,67
TENNESSEE,1958,38
TENNESSEE,1959,37
TENNESSEE,1960,20
TENNESSEE,1961,29
TENNESSEE,1962,30
TENNESSEE,1963,56
TENNESSEE,1964,40
TENNESSEE,1965,50
TENNESSEE,1966,54
TENNESSEE,1967,67
TENNESSEE,1968,49
TENNESSEE,1969,41
TENNESSEE,1970,83
TENNESSEE,1971,68
TENNESSEE,1972,44
TENNESSEE,1973,104
TENNESSEE,1974,159
TENNESSEE,1975,83
TENNESSEE,1976,74
TENNESSEE,1977,69
TENNESSEE,1978,43
TENNESSEE,1979,45
TENNESSEE,1980,54
TENNESSEE,1981,40
TENNESSEE,1982,81
TENNESSEE,1983,72
TENNESSEE,1984,208
TENNESSEE,1985,176
TENNESSEE,1986,93
TENNESSEE,1987,59
TENNESSEE,1988,93
TENNESSEE,1989,134
TENNESSEE,1990,183
TENNESSEE,1991,207
TENNESSEE,1992,186
TENNESSEE,1993,210
TENNESSEE,1994,232
TENNESSEE,1995,652
TENNESSEE,1996,1071
TENNESSEE,1997,1145
TENNESSEE,1998,1172
TENNESSEE,1999,118
TENNESSEE,2000,1047
TENNESSEE,2001,1021
TENNESSEE,2002,1187
TENNESSEE,2003,1737
TENNESSEE,2004,1269
TENNESSEE,2005,686
TENNESSEE,2006,1427
TENNESSEE,2007,1125
TENNESSEE,2008,1230
TENNESSEE,2009,1593
TENNESSEE,2010,1781
TENNESSEE,2011,2038
TENNESSEE,2012,1553
TENNESSEE,2013,1121
TENNESSEE,2014,1143
TENNESSEE,2015,1180
TENNESSEE,2016,1592
TENNESSEE,2017,1404
TENNESSEE,2018,1419
TENNESSEE,2019,1158
TENNESSEE,2020,1133
TENNESSEE,2021,1285
TENNESSEE,2022,1599
TENNESSEE,2023,1683
TEXAS,1950,20
TEXAS,1951,15
TEXAS,1952,13
TEXAS,1953,33
TEXAS,1954,84
TEXAS,1955,241
TEXAS,1956,170
TEXAS,1957,346
TEXAS,1958,288
TEXAS,1959,249
TEXAS,1960,224
TEXAS,1961,354
TEXAS,1962,375
TEXAS,1963,260
TEXAS,1964,256
TEXAS,1965,335
TEXAS,1966,279
TEXAS,1967,403
TEXAS,1968,469
TEXAS,1969,410
TEXAS,1970,325
TEXAS,1971,483
TEXAS,1972,399
TEXAS,1973,503
TEXAS,1974,424
TEXAS,1975,497
TEXAS,1976,585
TEXAS,1977,379
TEXAS,1978,496
TEXAS,1979,726
TEXAS,1980,772
TEXAS,1981,768
TEXAS,1982,956
TEXAS,1983,944
TEXAS,1984,721
TEXAS,1985,886
TEXAS,1986,1018
TEXAS,1987,892
TEXAS,1988,766
TEXAS,1989,1626
TEXAS,1990,1395
TEXAS,1991,1615
TEXAS,1992,2087
TEXAS,1993,1719
TEXAS,1994,2544
TEXAS,1995,2947
TEXAS,1996,3966
TEXAS,1997,4001
TEXAS,1998,3464
TEXAS,1999,312
TEXAS,2000,4288
TEXAS,2001,3488
TEXAS,2002,3600
TEXAS,2003,3224
TEXAS,2004,3977
TEXAS,2005,2066
TEXAS,2006,3812
TEXAS,2007,4701
TEXAS,2008,3718
TEXAS,2009,5051
TEXAS,2010,2950
TEXAS,2011,5582
TEXAS,2012,4814
TEXAS,2013,5269
TEXAS,2014,4708
TEXAS,2015,5278
TEXAS,2016,3474
TEXAS,2017,3621
TEXAS,2018,3405
TEXAS,2019,4358
TEXAS,2020,4128
TEXAS,2021,4623
TEXAS,2022,5414
TEXAS,2023,7567
UTAH,1953,2
UTAH,1954,1
UTAH,1955,3
UTAH,1956,2
UTAH,1957,3
UTAH,1958,12
UTAH,1959,3
UTAH,1960,2
UTAH,1961,6
UTAH,1962,4
UTAH,1963,9
UTAH,1964,5
UTAH,1965,12
UTAH,1966,4
UTAH,1967,8
UTAH,1968,12
UTAH,1969,13
UTAH,1970,14
UTAH,1971,6
UTAH,1972,2
UTAH,1973,14
UTAH,1975,6
UTAH,1976,12
UTAH,1977,6
UTAH,1978,5
UTAH,1979,4
UTAH,1980,7
UTAH,1981,10
UTAH,1982,13
UTAH,1983,37
UTAH,1984,34
UTAH,1985,33
UTAH,1986,29
UTAH,1987,33
UTAH,1988,26
UTAH,1989,20
UTAH,1990,28
UTAH,1991,29
UTAH,1992,47
UTAH,1993,40
UTAH,1994,46
UTAH,1995,28
UTAH,1996,186
UTAH,1997,348
UTAH,1998,453
UTAH,1999,12
UTAH,2000,198
UTAH,2001,189
UTAH,2002,324
UTAH,2003,419
UTAH,2004,292
UTAH,2005,245
UTAH,2006,409
UTAH,2007,364
UTAH,2008,408
UTAH,2009,306
UTAH,2010,470
UTAH,2011,375
UTAH,2012,419
UTAH,2013,482
UTAH,2014,328
UTAH,2015,325
UTAH,2016,348
UTAH,2017,262
UTAH,2018,312
UTAH,2019,358
UTAH,2020,280
UTAH,2021,546
UTAH,2022,540
UTAH,2023,553
VERMONT,1953,1
VERMONT,1955,5
VERMONT,1956,1
VERMONT,1957,7
VERMONT,1958,9
VERMONT,1959,4
VERMONT,1960,7
VERMONT,1961,6
VERMONT,1962,14
VERMONT,1963,5
VERMONT,1964,9
VERMONT,1965,5
VERMONT,1966,10
VERMONT,1967,1
VERMONT,1968,9
VERMONT,1969,10
VERMONT,1970,11
VERMONT,1971,5
VERMONT,1972,6
VERMONT,1973,10
VERMONT,1974,4
VERMONT,1975,14
VERMONT,1976,8
VERMONT,1977,3
VERMONT,1978,1
VERMONT,1979,8
VERMONT,1980,10
VERMONT,1981,8
VERMONT,1982,3
VERMONT,1983,22
VERMONT,1984,2
VERMONT,1985,4
VERMONT,1986,51
VERMONT,1987,40
VERMONT,1988,44
VERMONT,1989,42
VERMONT,1990,39
VERMONT,1991,27
VERMONT,1992,23
VERMONT,1993,70
VERMONT,1994,59
VERMONT,1995,42
VERMONT,1996,278
VERMONT,1997,319
VERMONT,1998,279
VERMONT,1999,66
VERMONT,2000,306
VERMONT,2001,300
VERMONT,2002,309
VERMONT,2003,276
VERMONT,2004,247
VERMONT,2005,273
VERMONT,2006,412
VERMONT,2007,600
VERMONT,2008,539
VERMONT,2009,312
VERMONT,2010,330
VERMONT,2011,572
VERMONT,2012,366
VERMONT,2013,311
VERMONT,2014,194
VERMONT,2015,234
VERMONT,2016,210
VERMONT,2017,346
VERMONT,2018,311
VERMONT,2019,317
VERMONT,2020,231
VERMONT,2021,350
VERMONT,2022,371
VERMONT,2023,289
VIRGIN ISLANDS,1997,28
VIRGIN ISLANDS,1998,19
VIRGIN ISLANDS,1999,4
VIRGIN ISLANDS,2000,21
VIRGIN ISLANDS,2001,19
VIRGIN ISLANDS,2002,9
VIRGIN ISLANDS,2003,23
VIRGIN ISLANDS,2004,18
VIRGIN ISLANDS,2005,9
VIRGIN ISLANDS,2006,13
VIRGIN ISLANDS,2007,12
VIRGIN ISLANDS,2008,16
VIRGIN ISLANDS,2009,18
VIRGIN ISLANDS,2010,26
VIRGIN ISLANDS,2011,24
VIRGIN ISLANDS,2012,1
VIRGIN ISLANDS,2013,27
VIRGIN ISLANDS,2014,6
VIRGIN ISLANDS,2015,8
VIRGIN ISLANDS,2016,1
VIRGIN ISLANDS,2017,3
VIRGIN ISLANDS,2018,4
VIRGIN ISLANDS,2019,5
VIRGIN ISLANDS,2020,4
VIRGIN ISLANDS,2021,7
VIRGIN ISLANDS,2022,9
VIRGIN ISLANDS,2023,13
VIRGINIA,1951,5
VIRGINIA,1952,3
VIRGINIA,1953,6
VIRGINIA,1954,5
VIRGINIA,1955,13
VIRGINIA,1956,26
VIRGINIA,1957,25
VIRGINIA,1958,24
VIRGINIA,1959,19
VIRGINIA,1960,49
VIRGINIA,1961,28
VIRGINIA,1962,36
VIRGINIA,1963,6
VIRGINIA,1964,7
VIRGINIA,1965,17
VIRGINIA,1966,20
VIRGINIA,1967,28
VIRGINIA,1968,35
VIRGINIA,1969,37
VIRGINIA,1970,41
VIRGINIA,1971,21
VIRGINIA,1972,12
VIRGINIA,1973,19
VIRGINIA,1974,66
VIRGINIA,1975,93
VIRGINIA,1976,55
VIRGINIA,1977,71
VIRGINIA,1978,31
VIRGINIA,1979,30
VIRGINIA,1980,83
VIRGINIA,1981,26
VIRGINIA,1982,61
VIRGINIA,1983,152
VIRGINIA,1984,73
VIRGINIA,1985,51
VIRGINIA,1986,62
VIRGINIA,1987,26
VIRGINIA,1988,97
VIRGINIA,1989,218
VIRGINIA,1990,259
VIRGINIA,1991,94
VIRGINIA,1992,185
VIRGINIA,1993,145
VIRGINIA,1994,99
VIRGINIA,1995,548
VIRGINIA,1996,1739
VIRGINIA,1997,706
VIRGINIA,1998,1240
VIRGINIA,1999,114
VIRGINIA,2000,1695
VIRGINIA,2001,958
VIRGINIA,2002,1369
VIRGINIA,2003,2027
VIRGINIA,2004,1063
VIRGINIA,2005,599
VIRGINIA,2006,1373
VIRGINIA,2007,1647
VIRGINIA,2008,1948
VIRGINIA,2009,1500
VIRGINIA,2010,2324
VIRGINIA,2011,2542
VIRGINIA,2012,2202
VIRGINIA,2013,1556
VIRGINIA,2014,1824
VIRGINIA,2015,1686
VIRGINIA,2016,2235
VIRGINIA,2017,1544
VIRGINIA,2018,3085
VIRGINIA,2019,2396
VIRGINIA,2020,2368
VIRGINIA,2021,2301
VIRGINIA,2022,2017
VIRGINIA,2023,1415
WASHINGTON,1954,1
WASHINGTON,1955,5
WASHINGTON,1956,5
WASHINGTON,1957,3
WASHINGTON,1958,6
WASHINGTON,1961,3
WASHINGTON,1962,1
WASHINGTON,1963,3
WASHINGTON,1964,4
WASHINGTON,1965,2
WASHINGTON,1966,2
WASHINGTON,1967,1
WASHINGTON,1968,1
WASHINGTON,1969,5
WASHINGTON,1970,4
WASHINGTON,1971,5
WASHINGTON,1972,6
WASHINGTON,1973,1
WASHINGTON,1974,2
WASHINGTON,1975,11
WASHINGTON,1976,5
WASHINGTON,1978,6
WASHINGTON,1979,2
WASHINGTON,1980,2
WASHINGTON,1981,3
WASHINGTON,1982,10
WASHINGTON,1983,7
WASHINGTON,1984,3
WASHINGTON,1985,6
WASHINGTON,1986,3
WASHINGTON,1987,4
WASHINGTON,1988,7
WASHINGTON,1989,8
WASHINGTON,1990,2
WASHINGTON,1991,12
WASHINGTON,1992,12
WASHINGTON,1993,7
WASHINGTON,1994,9
WASHINGTON,1995,8
WASHINGTON,1996,145
WASHINGTON,1997,198
WASHINGTON,1998,193
WASHINGTON,1999,18
WASHINGTON,2000,191
WASHINGTON,2001,248
WASHINGTON,2002,226
WASHINGTON,2003,270
WASHINGTON,2004,229
WASHINGTON,2005,120
WASHINGTON,2006,434
WASHINGTON,2007,275
WASHINGTON,2008,433
WASHINGTON,2009,306
WASHINGTON,2010,324
WASHINGTON,2011,303
WASHINGTON,2012,450
WASHINGTON,2013,247
WASHINGTON,2014,433
WASHINGTON,2015,538
WASHINGTON,2016,320
WASHINGTON,2017,546
WASHINGTON,2018,429
WASHINGTON,2019,414
WASHINGTON,2020,463
WASHINGTON,2021,381
WASHINGTON,2022,477
WASHINGTON,2023,221
WEST VIRGINIA,1950,1
WEST VIRGINIA,1951,1
WEST VIRGINIA,1954,3
WEST VIRGINIA,1955,5
WEST VIRGINIA,1956,5
WEST VIRGINIA,1957,10
WEST VIRGINIA,1958,9
WEST VIRGINIA,1959,3
WEST VIRGINIA,1960,2
WEST VIRGINIA,1961,8
WEST VIRGINIA,1962,11
WEST VIRGINIA,1963,5
WEST VIRGINIA,1964,8
WEST VIRGINIA,1965,16
WEST VIRGINIA,1966,8
WEST VIRGINIA,1967,21
WEST VIRGINIA,1968,18
WEST VIRGINIA,1969,36
WEST VIRGINIA,1970,17
WEST VIRGINIA,1971,6
WEST VIRGINIA,1972,4
WEST VIRGINIA,1973,6
WEST VIRGINIA,1974,30
WEST VIRGINIA,1975,31
WEST VIRGINIA,1976,17
WEST VIRGINIA,1977,22
WEST VIRGINIA,1978,11
WEST VIRGINIA,1979,18
WEST VIRGINIA,1980,76
WEST VIRGINIA,1981,24
WEST VIRGINIA,1982,18
WEST VIRGINIA,1983,86
WEST VIRGINIA,1984,26
WEST VIRGINIA,1985,11
WEST VIRGINIA,1986,44
WEST VIRGINIA,1987,27
WEST VIRGINIA,1988,26
WEST VIRGINIA,1989,80
WEST VIRGINIA,1990,105
WEST VIRGINIA,1991,146
WEST VIRGINIA,1992,110
WEST VIRGINIA,1993,101
WEST VIRGINIA,1994,191
WEST VIRGINIA,1995,161
WEST VIRGINIA,1996,867
WEST VIRGINIA,1997,784
WEST VIRGINIA,1998,627
WEST VIRGINIA,1999,95
WEST VIRGINIA,2000,1123
WEST VIRGINIA,2001,838
WEST VIRGINIA,2002,889
WEST VIRGINIA,2003,866
WEST VIRGINIA,2004,618
WEST VIRGINIA,2005,284
WEST VIRGINIA,2006,479
WEST VIRGINIA,2007,757
WEST VIRGINIA,2008,733
WEST VIRGINIA,2009,636
WEST VIRGINIA,2010,674
WEST VIRGINIA,2011,1062
WEST VIRGINIA,2012,859
WEST VIRGINIA,2013,759
WEST VIRGINIA,2014,1056
WEST VIRGINIA,2015,895
WEST VIRGINIA,2016,894
WEST VIRGINIA,2017,631
WEST VIRGINIA,2018,1041
WEST VIRGINIA,2019,967
WEST VIRGINIA,2020,925
WEST VIRGINIA,2021,860
WEST VIRGINIA,2022,1205
WEST VIRGINIA,2023,788
WISCONSIN,1950,6
WISCONSIN,1951,7
WISCONSIN,1952,1
WISCONSIN,1953,9
WISCONSIN,1954,13
WISCONSIN,1955,25
WISCONSIN,1956,25
WISCONSIN,1957,21
WISCONSIN,1958,32
WISCONSIN,1959,49
WISCONSIN,1960,41
WISCONSIN,1961,40
WISCONSIN,1962,45
WISCONSIN,1963,55
WISCONSIN,1964,101
WISCONSIN,1965,72
WISCONSIN,1966,63
WISCONSIN,1967,64
WISCONSIN,1968,85
WISCONSIN,1969,60
WISCONSIN,1970,84
WISCONSIN,1971,100
WISCONSIN,1972,52
WISCONSIN,1973,105
WISCONSIN,1974,108
WISCONSIN,1975,100
WISCONSIN,1976,61
WISCONSIN,1977,135
WISCONSIN,1978,73
WISCONSIN,1979,91
WISCONSIN,1980,262
WISCONSIN,1981,130
WISCONSIN,1982,144
WISCONSIN,1983,381
WISCONSIN,1984,309
WISCONSIN,1985,177
WISCONSIN,1986,145
WISCONSIN,1987,213
WISCONSIN,1988,193
WISCONSIN,1989,231
WISCONSIN,1990,163
WISCONSIN,1991,250
WISCONSIN,1992,187
WISCONSIN,1993,31
WISCONSIN,1994,303
WISCONSIN,1995,455
WISCONSIN,1996,1389
WISCONSIN,1997,1069
WISCONSIN,1998,1101
WISCONSIN,1999,143
WISCONSIN,2000,1335
WISCONSIN,2001,1392
WISCONSIN,2002,1268
WISCONSIN,2003,759
WISCONSIN,2004,1176
WISCONSIN,2005,1034
WISCONSIN,2006,1626
WISCONSIN,2007,1850
WISCONSIN,2008,2024
WISCONSIN,2009,1173
WISCONSIN,2010,1554
WISCONSIN,2011,1552
WISCONSIN,2012,1458
WISCONSIN,2013,1272
WISCONSIN,2014,1285
WISCONSIN,2015,824
WISCONSIN,2016,1194
WISCONSIN,2017,1346
WISCONSIN,2018,1390
WISCONSIN,2019,1573
WISCONSIN,2020,968
WISCONSIN,2021,1165
WISCONSIN,2022,1266
WISCONSIN,2023,1238
WYOMING,1950,3
WYOMING,1952,1
WYOMING,1953,7
WYOMING,1954,2
WYOMING,1955,7
WYOMING,1956,6
WYOMING,1957,6
WYOMING,1958,28
WYOMING,1959,11
WYOMING,1960,11
WYOMING,1961,14
WYOMING,1962,35
WYOMING,1963,3
WYOMING,1964,19
WYOMING,1965,21
WYOMING,1966,14
WYOMING,1967,16
WYOMING,1968,17
WYOMING,1969,15
WYOMING,1970,11
WYOMING,1971,15
WYOMING,1972,18
WYOMING,1973,27
WYOMING,1974,27
WYOMING,1975,33
WYOMING,1976,38
WYOMING,1977,45
WYOMING,1978,54
WYOMING,1979,75
WYOMING,1980,45
WYOMING,1981,30
WYOMING,1982,51
WYOMING,1983,59
WYOMING,1984,60
WYOMING,1985,31
WYOMING,1986,89
WYOMING,1987,84
WYOMING,1988,60
WYOMING,1989,70
WYOMING,1990,83
WYOMING,1991,85
WYOMING,1992,74
WYOMING,1993,38
WYOMING,1994,84
WYOMING,1995,72
WYOMING,1996,732
WYOMING,1997,412
WYOMING,1998,325
WYOMING,1999,45
WYOMING,2000,363
WYOMING,2001,369
WYOMING,2002,334
WYOMING,2003,360
WYOMING,2004,214
WYOMING,2005,154
WYOMING,2006,277
WYOMING,2007,391
WYOMING,2008,600
WYOMING,2009,651
WYOMING,2010,982
WYOMING,2011,936
WYOMING,2012,953
WYOMING,2013,1398
WYOMING,2014,1478
WYOMING,2015,1118
WYOMING,2016,1636
WYOMING,2017,1641
WYOMING,2018,1327
WYOMING,2019,1108
WYOMING,2020,1024
WYOMING,2021,946
WYOMING,2022,926
WYOMING,2023,902
